animal,fov,treatment,stimulated,cell_id,x_px,y_px,x_um,y_um,site_x_px,site_y_px,distance_um,soma_area_px,activity_marker_intensity
A01,A01_F1,Control,0,A01_F1_C001,33.837844999772614,112.48545013486192,25.37838374982946,84.36408760114644,130.50859308035467,124.59338236323242,73.06953880369522,69.0,53.79247225387866
A01,A01_F1,Control,0,A01_F1_C002,123.13990116867348,49.05942819580223,92.35492587650512,36.79457114685167,130.50859308035467,124.59338236323242,56.91939622939974,69.0,48.14993432886386
A01,A01_F1,Control,0,A01_F1_C003,182.42189912693777,38.37190862176559,136.81642434520333,28.778931466324195,130.50859308035467,124.59338236323242,75.48269872524179,107.0,40.5187389312849
A01,A01_F1,Control,0,A01_F1_C004,102.7649401949936,131.88372236815638,77.0737051462452,98.91279177611727,130.50859308035467,124.59338236323242,21.514143596854467,90.0,61.24798181608083
A01,A01_F1,Control,0,A01_F1_C005,111.90570073608924,148.13726857364864,83.92927555206694,111.10295143023647,130.50859308035467,124.59338236323242,22.50477676121256,94.0,53.20787039636861
A01,A01_F1,Control,0,A01_F1_C006,183.1783666517812,233.85400312197487,137.38377498883588,175.39050234148115,130.50859308035467,124.59338236323242,90.9697390172481,81.0,47.91535242226406
A01,A01_F1,Control,0,A01_F1_C007,77.93466998971962,162.46295204251942,58.45100249228972,121.84721403188956,130.50859308035467,124.59338236323242,48.5946854549892,92.0,51.20458963581681
A01,A01_F1,Control,0,A01_F1_C008,173.52211122747607,79.911213770897,130.14158342060705,59.93341032817276,130.50859308035467,124.59338236323242,46.51607947900896,95.0,62.86947418482658
A01,A01_F1,Control,0,A01_F1_C009,12.345699374049993,237.84278374580776,9.259274530537494,178.38208780935582,130.50859308035467,124.59338236323242,122.75256292208118,133.0,30.96004974879588
A01,A01_F1,Control,0,A01_F1_C010,81.22908373991515,84.84475247196613,60.921812804936366,63.6335643539746,130.50859308035467,124.59338236323242,47.48408455183037,72.0,54.60170639516841
A01,A01_F1,Control,0,A01_F1_C011,218.87696834327647,147.75780205469067,164.15772625745734,110.818351541018,130.50859308035467,124.59338236323242,68.51552779126754,122.0,52.691861638495766
A01,A01_F1,Control,0,A01_F1_C012,121.34384232218488,191.4002662385254,91.00788174163868,143.55019967889405,130.50859308035467,124.59338236323242,50.57443246485589,64.0,46.06721156266615
A01,A01_F1,Control,0,A01_F1_C013,19.04027377769332,176.01590219210465,14.28020533326999,132.01192664407847,130.50859308035467,124.59338236323242,92.06830201791678,104.0,54.61504892963662
A01,A01_F1,Control,0,A01_F1_C014,98.82456936700522,33.07782953298782,74.11842702525392,24.808372149740865,130.50859308035467,124.59338236323242,72.63382645006062,108.0,49.971340068966015
A01,A01_F1,Control,0,A01_F1_C015,165.2360156432716,228.09961429999424,123.9270117324537,171.07471072499567,130.50859308035467,124.59338236323242,81.88246353329077,108.0,52.39872928984845
A01,A01_F1,Control,0,A01_F1_C016,60.06835099479229,158.18092635019957,45.051263246094216,118.63569476264968,130.50859308035467,124.59338236323242,58.52860270059298,83.0,46.01194883313349
A01,A01_F1,Control,0,A01_F1_C017,81.17383703252254,184.08754977608464,60.8803777743919,138.06566233206348,130.50859308035467,124.59338236323242,57.96619003459493,104.0,49.32837898054397
A01,A01_F1,Control,0,A01_F1_C018,179.54223548897124,62.741978499962656,134.65667661672842,47.05648387497199,130.50859308035467,124.59338236323242,59.19725934820613,102.0,45.18731331115986
A01,A01_F1,Control,0,A01_F1_C019,204.5337548316405,164.57531292259242,153.40031612373036,123.43148469194432,130.50859308035467,124.59338236323242,63.0993829664847,103.0,59.979295127725536
A01,A01_F1,Control,0,A01_F1_C020,170.40934662360127,202.25757403956413,127.80700996770096,151.6931805296731,130.50859308035467,124.59338236323242,65.48576716475883,75.0,41.1892527233216
A01,A01_F1,Control,0,A01_F1_C021,215.8074028425709,35.73822188592126,161.85555213192816,26.803666414440947,130.50859308035467,124.59338236323242,92.37834513993772,103.0,49.226566589535054
A01,A01_F1,Control,0,A01_F1_C022,209.1462542921477,103.39114117070176,156.85969071911074,77.54335587802632,130.50859308035467,124.59338236323242,61.08434288548436,98.0,48.59607794353168
A01,A01_F1,Control,0,A01_F1_C023,214.10428275211268,75.88685545195389,160.5782120640845,56.91514158896542,130.50859308035467,124.59338236323242,72.56251005990616,51.0,43.85804543446724
A01,A01_F1,Control,0,A01_F1_C024,142.33985474556647,104.72024330226505,106.75489105917484,78.54018247669877,130.50859308035467,124.59338236323242,17.34625982478882,69.0,51.922270327253976
A01,A01_F1,Control,0,A01_F1_C025,154.1950021213659,57.6203036271327,115.64625159102442,43.215227720349525,130.50859308035467,124.59338236323242,53.27872068063923,80.0,53.70048536361346
A01,A01_F1,Control,0,A01_F1_C026,53.82670947559808,185.2716094707624,40.37003210669856,138.9537071030718,130.50859308035467,124.59338236323242,73.33895054078435,83.0,52.31768160091944
A01,A01_F1,Control,0,A01_F1_C027,186.5158330616724,143.53886687307565,139.8868747962543,107.65415015480671,130.50859308035467,124.59338236323242,44.34360214756083,143.0,40.247857423236354
A01,A01_F1,Control,0,A01_F1_C028,225.6904851296397,59.73981118913237,169.26786384722982,44.80485839184928,130.50859308035467,124.59338236323242,86.38221909522322,76.0,45.90538001425377
A01,A01_F1,Control,0,A01_F1_C029,209.40906090526315,51.205056227884,157.05679567894737,38.403792170913,130.50859308035467,124.59338236323242,80.81621593291129,118.0,51.73469304542273
A01,A01_F1,Control,0,A01_F1_C030,235.73099124747287,156.6967129206272,176.79824343560466,117.5225346904704,130.50859308035467,124.59338236323242,82.50810270067883,136.0,44.60624288877635
A01,A01_F1,Control,0,A01_F1_C031,152.7970388183234,237.16963304676872,114.59777911374256,177.87722478507655,130.50859308035467,124.59338236323242,86.07107647258422,112.0,42.43872716111872
A01,A01_F1,Control,0,A01_F1_C032,194.5915895989949,195.2608544525446,145.94369219924616,146.44564083940844,130.50859308035467,124.59338236323242,71.5474923078702,117.0,57.88405234819438
A01,A01_F1,Control,0,A01_F1_C033,24.54975182606394,97.67442301390544,18.412313869547955,73.25581726042907,130.50859308035467,124.59338236323242,81.99358119375273,79.0,46.437056100385576
A01,A01_F1,Control,0,A01_F1_C034,31.695587142388582,56.89839889999934,23.77169035679144,42.67379917499951,130.50859308035467,124.59338236323242,89.83303552885462,75.0,47.54105052062206
A01,A01_F1,Control,0,A01_F1_C035,61.61714184057815,211.2049282624898,46.212856380433614,158.40369619686734,130.50859308035467,124.59338236323242,83.00162928853982,135.0,45.02137339416883
A01,A01_F1,Control,0,A01_F1_C036,41.407155294646856,80.84780226635228,31.055366470985145,60.6358516997642,130.50859308035467,124.59338236323242,74.44573440661168,73.0,42.8933068411238
A01,A01_F1,Control,0,A01_F1_C037,126.34049911044517,209.07481539597256,94.75537433283388,156.80611154697942,130.50859308035467,124.59338236323242,63.438143992527365,60.0,48.88969747681743
A01,A01_F1,Control,0,A01_F1_C038,235.9336896342711,176.28958679944006,176.95026722570333,132.21719009958005,130.50859308035467,124.59338236323242,88.06337803984376,94.0,47.90593466015022
A01,A01_F1,Control,0,A01_F1_C039,61.57543490788717,138.43598209825694,46.18157618091538,103.82698657369272,130.50859308035467,124.59338236323242,52.73197604839183,92.0,51.96497371430725
A01,A01_F1,Control,0,A01_F1_C040,175.78249797295777,24.03674643257704,131.83687347971832,18.027559824432775,130.50859308035467,124.59338236323242,82.70892917531395,49.0,48.47614885473988
A01,A01_F2,Control,0,A01_F2_C001,16.749309092944365,197.5375531503618,12.561981819708274,148.15316486277135,122.84660107117423,123.7533144167389,96.92353405376008,120.0,50.70490136332623
A01,A01_F2,Control,0,A01_F2_C002,64.11996665195498,115.26760873997678,48.08997498896623,86.45070655498259,122.84660107117423,123.7533144167389,44.50240381103823,102.0,58.37604342521057
A01,A01_F2,Control,0,A01_F2_C003,98.48205710724866,221.69035593389972,73.86154283043649,166.2677669504248,122.84660107117423,123.7533144167389,75.69166728136977,101.0,48.939685658845605
A01,A01_F2,Control,0,A01_F2_C004,213.47226478696717,148.60993719955957,160.10419859022537,111.45745289966968,122.84660107117423,123.7533144167389,70.47950215348911,56.0,44.57297683676984
A01,A01_F2,Control,0,A01_F2_C005,36.77412100741808,176.43099983729482,27.58059075556356,132.3232498779711,122.84660107117423,123.7533144167389,75.68466377441287,47.0,54.975188646313896
A01,A01_F2,Control,0,A01_F2_C006,192.86537899591477,158.57252227516955,144.64903424693605,118.92939170637716,122.84660107117423,123.7533144167389,58.64888025447743,55.0,47.43499524304785
A01,A01_F2,Control,0,A01_F2_C007,18.41203971068512,84.93975857190614,13.80902978301384,63.704818928929605,122.84660107117423,123.7533144167389,83.56046744532499,73.0,51.71919104276983
A01,A01_F2,Control,0,A01_F2_C008,199.97822738659897,46.73818948095983,149.98367053994923,35.05364211071988,122.84660107117423,123.7533144167389,81.7486831783943,108.0,49.97808009707004
A01,A01_F2,Control,0,A01_F2_C009,15.451316822638208,68.54451508945962,11.588487616978655,51.40838631709472,122.84660107117423,123.7533144167389,90.56621452625588,131.0,49.857958663112825
A01,A01_F2,Control,0,A01_F2_C010,121.12332815327348,143.70636340674582,90.84249611495513,107.77977255505937,122.84660107117423,123.7533144167389,15.020495376993807,101.0,69.82434596951092
A01,A01_F2,Control,0,A01_F2_C011,201.87988874678967,183.84694657557847,151.40991656009226,137.88520993168385,122.84660107117423,123.7533144167389,74.46372719390232,81.0,54.198358116807725
A01,A01_F2,Control,0,A01_F2_C012,122.51635555507012,28.78467414104289,91.8872666663026,21.588505605782167,122.84660107117423,123.7533144167389,71.22691085592189,62.0,53.156218265564455
A01,A01_F2,Control,0,A01_F2_C013,40.403232737351416,68.94243597626462,30.30242455301356,51.706826982198464,122.84660107117423,123.7533144167389,74.25053551944316,82.0,57.99854396004029
A01,A01_F2,Control,0,A01_F2_C014,204.43784312518991,137.45733448216907,153.32838234389243,103.0930008616268,122.84660107117423,123.7533144167389,62.05057338213936,85.0,66.153110173427
A01,A01_F2,Control,0,A01_F2_C015,144.72898818701148,87.99494698590942,108.5467411402586,65.99621023943206,122.84660107117423,123.7533144167389,31.44190810531592,120.0,57.361870904472
A01,A01_F2,Control,0,A01_F2_C016,236.2714463630612,169.34194234325193,177.20358477229587,127.00645675743894,122.84660107117423,123.7533144167389,91.68276376021925,154.0,47.45032102450372
A01,A01_F2,Control,0,A01_F2_C017,213.08806120855016,18.373152552462265,159.81604590641265,13.7798644143467,122.84660107117423,123.7533144167389,104.05422167685003,61.0,57.28793943296996
A01,A01_F2,Control,0,A01_F2_C018,55.97193591073494,234.3880585919924,41.978951933051206,175.79104394399428,122.84660107117423,123.7533144167389,96.95695150793787,106.0,46.49605615376363
A01,A01_F2,Control,0,A01_F2_C019,159.3927566369471,94.32328144889505,119.54456747771032,70.74246108667127,122.84660107117423,123.7533144167389,35.19209334507399,86.0,61.28006669132712
A01,A01_F2,Control,0,A01_F2_C020,22.310856477376888,156.14341803145635,16.733142358032666,117.10756352359226,122.84660107117423,123.7533144167389,79.21844512912241,65.0,58.05813824979127
A01,A01_F2,Control,0,A01_F2_C021,219.13169929162265,194.6802944842397,164.34877446871695,146.0102208631798,122.84660107117423,123.7533144167389,89.6915233478593,68.0,47.98539673183269
A01,A01_F2,Control,0,A01_F2_C022,131.30301027020573,240.7204854663792,98.4772577026543,180.5403640997844,122.84660107117423,123.7533144167389,87.95434527322806,99.0,53.95071457449399
A01,A01_F2,Control,0,A01_F2_C023,185.59437447107447,26.52564626524444,139.19578085330585,19.89423469893333,122.84660107117423,123.7533144167389,86.78800417086786,135.0,57.035281463089184
A01,A01_F2,Control,0,A01_F2_C024,128.25420765606196,210.14069506039075,96.19065574204647,157.60552129529304,122.84660107117423,123.7533144167389,64.91734922722556,65.0,58.48178881595493
A01,A01_F2,Control,0,A01_F2_C025,147.03329791489665,39.3780381115519,110.27497343617247,29.533528583663927,122.84660107117423,123.7533144167389,65.83010899375806,97.0,49.76027780156271
A01,A01_F2,Control,0,A01_F2_C026,85.87141114406141,17.702070277910316,64.40355835804606,13.276552708432735,122.84660107117423,123.7533144167389,84.23415262003866,55.0,60.85041926505346
A01,A01_F2,Control,0,A01_F2_C027,39.04949955335796,51.66913755199832,29.28712466501847,38.75185316399874,122.84660107117423,123.7533144167389,82.90157756094335,117.0,57.729688546977926
A01,A01_F2,Control,0,A01_F2_C028,240.08221007016692,66.84292888348057,180.0616575526252,50.132196662610426,122.84660107117423,123.7533144167389,97.73907227606674,119.0,48.65089512877969
A01,A01_F2,Control,0,A01_F2_C029,241.23832571020347,147.3635658614508,180.9287442826526,110.5226743960881,122.84660107117423,123.7533144167389,90.54225530331686,116.0,45.13904609530853
A01,A01_F2,Control,0,A01_F2_C030,105.11686173479512,60.028779767158575,78.83764630109634,45.02158482536893,122.84660107117423,123.7533144167389,49.60874403719924,92.0,52.98211884757362
A01,A01_F2,Control,0,A01_F2_C031,85.29649547996664,181.8518178747632,63.97237160997498,136.38886340607235,122.84660107117423,123.7533144167389,51.88269148145415,95.0,60.377925515380376
A01,A01_F2,Control,0,A01_F2_C032,206.01649406692903,33.023646045236006,154.5123705501968,24.767734533927005,122.84660107117423,123.7533144167389,92.31127179736563,111.0,48.5193481172844
A01,A01_F2,Control,0,A01_F2_C033,91.05505530752608,197.040424251532,68.29129148064456,147.780318188649,122.84660107117423,123.7533144167389,59.91417072040035,60.0,54.09228860208047
A01,A01_F2,Control,0,A01_F2_C034,190.2166096457708,59.06511938265765,142.6624572343281,44.29883953699324,122.84660107117423,123.7533144167389,70.0488783319266,45.0,55.84350451509693
A01,A01_F2,Control,0,A01_F2_C035,234.11131302348085,25.37474372745958,175.58348476761063,19.031057795594684,122.84660107117423,123.7533144167389,111.38997196512392,107.0,54.910571811044775
A01,A01_F2,Control,0,A01_F2_C036,230.00833805699847,138.72025995501218,172.50625354274885,104.04019496625914,122.84660107117423,123.7533144167389,81.15141172257935,91.0,44.55928567817565
A01,A01_F2,Control,0,A01_F2_C037,159.91588652343356,46.09147241025394,119.93691489257516,34.56860430769046,122.84660107117423,123.7533144167389,64.54138335693611,69.0,58.45212228192521
A01,A01_F2,Control,0,A01_F2_C038,39.92452965980389,112.86071932308565,29.94339724485292,84.64553949231424,122.84660107117423,123.7533144167389,62.725825520295146,86.0,59.815150099385605
A01,A01_F2,Control,0,A01_F2_C039,144.371659557947,145.18172737104456,108.27874466846023,108.88629552828344,122.84660107117423,123.7533144167389,22.779575859463968,72.0,60.04087433884227
A01,A01_F2,Control,0,A01_F2_C040,204.68077933618807,110.2821566426612,153.51058450214109,82.71161748199589,122.84660107117423,123.7533144167389,62.20165965267601,116.0,51.330176887904734
A02,A02_F1,Control,0,A02_F1_C001,152.58024633875203,126.18515594627225,114.43518475406404,94.6388669597042,139.4686178183567,139.40762770949294,13.965889377949845,104.0,56.87042343989104
A02,A02_F1,Control,0,A02_F1_C002,92.73107169601504,156.2886979493391,69.54830377201128,117.21652346200432,139.4686178183567,139.40762770949294,37.26955757537385,150.0,52.29807062024431
A02,A02_F1,Control,0,A02_F1_C003,63.20248216108553,151.11019127529514,47.40186162081415,113.33264345647136,139.4686178183567,139.40762770949294,57.86906609911744,72.0,45.18450116598528
A02,A02_F1,Control,0,A02_F1_C004,160.32811672945962,25.98292814843953,120.24608754709472,19.48719611132965,139.4686178183567,139.40762770949294,86.49513370995136,43.0,41.888686123105245
A02,A02_F1,Control,0,A02_F1_C005,90.4075056654762,94.1130031973326,67.80562924910716,70.58475239799945,139.4686178183567,139.40762770949294,50.07953774894994,98.0,51.30121587131649
A02,A02_F1,Control,0,A02_F1_C006,234.83989451051897,106.3556894416517,176.12992088288922,79.76676708123878,139.4686178183567,139.40762770949294,75.70212982901614,69.0,49.53788419597369
A02,A02_F1,Control,0,A02_F1_C007,62.12270934942929,21.530434086679065,46.59203201207197,16.147825565009295,139.4686178183567,139.40762770949294,105.7404845008129,109.0,36.8175745180263
A02,A02_F1,Control,0,A02_F1_C008,60.087498104599575,86.50818423565083,45.06562357844968,64.88113817673812,139.4686178183567,139.40762770949294,71.54431300847246,74.0,43.45397683483937
A02,A02_F1,Control,0,A02_F1_C009,70.57095934518034,119.34117660412194,52.928219508885256,89.50588245309146,139.4686178183567,139.40762770949294,53.82027279953175,104.0,60.13907937373716
A02,A02_F1,Control,0,A02_F1_C010,124.55768658285535,26.273201722225775,93.41826493714152,19.704901291669334,139.4686178183567,139.40762770949294,85.58461015422273,74.0,45.93381170581467
A02,A02_F1,Control,0,A02_F1_C011,235.6008228151504,149.8991735613203,176.7006171113628,112.42438017099025,139.4686178183567,139.40762770949294,72.52726226528506,93.0,35.45940045872676
A02,A02_F1,Control,0,A02_F1_C012,13.163996477128498,38.93147516541878,9.872997357846373,29.198606374064084,139.4686178183567,139.40762770949294,121.04617698937768,45.0,29.180388172573156
A02,A02_F1,Control,0,A02_F1_C013,47.736867333917,74.62512575174286,35.80265050043775,55.96884431380714,139.4686178183567,139.40762770949294,84.22565652074513,100.0,46.842070015391634
A02,A02_F1,Control,0,A02_F1_C014,107.15910075457158,59.15218822280104,80.36932556592869,44.36414116710078,139.4686178183567,139.40762770949294,64.8862293464847,67.0,50.279349535415655
A02,A02_F1,Control,0,A02_F1_C015,80.58255509204976,133.83470740850993,60.43691631903732,100.37603055638245,139.4686178183567,139.40762770949294,44.36188708846042,58.0,54.23303859920493
A02,A02_F1,Control,0,A02_F1_C016,185.6025680402919,133.29633100222384,139.20192603021894,99.97224825166788,139.4686178183567,139.40762770949294,34.90272535447488,82.0,44.95175002894849
A02,A02_F1,Control,0,A02_F1_C017,72.64096452765023,79.1298764072664,54.48072339573767,59.34740730544979,139.4686178183567,139.40762770949294,67.49726055439376,94.0,39.87551546828629
A02,A02_F1,Control,0,A02_F1_C018,94.19878048368828,207.3981356681507,70.6490853627662,155.54860175111304,139.4686178183567,139.40762770949294,61.26204274622909,70.0,49.63347384287042
A02,A02_F1,Control,0,A02_F1_C019,63.65218399125632,226.6774761454503,47.73913799344224,170.00810710908772,139.4686178183567,139.40762770949294,86.7025889026124,116.0,47.78267476253678
A02,A02_F1,Control,0,A02_F1_C020,234.8963504104878,167.61962743280563,176.17226280786585,125.71472057460424,139.4686178183567,139.40762770949294,74.6329860402604,103.0,36.98599462290471
A02,A02_F1,Control,0,A02_F1_C021,82.98243908659498,176.1290824371376,62.23682931494624,132.0968118278532,139.4686178183567,139.40762770949294,50.529930873492496,102.0,45.45769422318264
A02,A02_F1,Control,0,A02_F1_C022,182.71289231598388,88.85619110945153,137.0346692369879,66.64214333208865,139.4686178183567,139.40762770949294,49.89340836497544,110.0,45.121771112269656
A02,A02_F1,Control,0,A02_F1_C023,182.52402357080757,217.6280275501097,136.89301767810565,163.2210206625823,139.4686178183567,139.40762770949294,66.96537829431304,107.0,46.352430170661066
A02,A02_F1,Control,0,A02_F1_C024,106.5098523134043,40.28909962821935,79.88238923505322,30.21682472116451,139.4686178183567,139.40762770949294,78.34094774345262,70.0,42.32494769703617
A02,A02_F1,Control,0,A02_F1_C025,66.09490975825524,170.4742772185444,49.57118231869143,127.85570791390828,139.4686178183567,139.40762770949294,59.75969571744467,79.0,47.98059927337855
A02,A02_F1,Control,0,A02_F1_C026,191.82284124711165,199.3162295220824,143.86713093533373,149.4871721415618,139.4686178183567,139.40762770949294,59.67099773848816,133.0,51.27973171008474
A02,A02_F1,Control,0,A02_F1_C027,199.12710359981327,120.47154706115953,149.34532769985998,90.35366029586964,139.4686178183567,139.40762770949294,46.94371009817772,110.0,50.26489733471631
A02,A02_F1,Control,0,A02_F1_C028,175.08922121264243,163.1470692467746,131.31691590948182,122.36030193508095,139.4686178183567,139.40762770949294,32.104805166122645,107.0,50.464424273030914
A02,A02_F1,Control,0,A02_F1_C029,82.84673528974943,20.25988812883412,62.13505146731208,15.19491609662559,139.4686178183567,139.40762770949294,98.93810971207424,84.0,44.15285994785194
A02,A02_F1,Control,0,A02_F1_C030,193.7099234517983,239.11024344153,145.2824425888487,179.33268258114748,139.4686178183567,139.40762770949294,85.12658859959528,86.0,32.890427657788344
A02,A02_F1,Control,0,A02_F1_C031,237.8149024156183,71.60308703115888,178.36117681171373,53.70231527336916,139.4686178183567,139.40762770949294,89.5910943105427,118.0,44.6269050009453
A02,A02_F1,Control,0,A02_F1_C032,152.98068009141178,221.93734421036427,114.73551006855884,166.4530081577732,139.4686178183567,139.40762770949294,62.72139257923987,71.0,39.70905914503237
A02,A02_F1,Control,0,A02_F1_C033,49.20458565806077,139.74366958565622,36.90343924354558,104.80775218924217,139.4686178183567,139.40762770949294,67.69849325954254,94.0,45.82732734885344
A02,A02_F1,Control,0,A02_F1_C034,141.30281111168208,207.854135914991,105.97710833376156,155.89060193624323,139.4686178183567,139.40762770949294,51.35330974914331,71.0,42.64935337366102
A02,A02_F1,Control,0,A02_F1_C035,193.17240579795697,23.32475276015871,144.8793043484677,17.493564570119034,139.4686178183567,139.40762770949294,95.9276994338528,132.0,32.9066039846749
A02,A02_F1,Control,0,A02_F1_C036,14.467478433013127,147.03058671302273,10.850608824759846,110.27294003476705,139.4686178183567,139.40762770949294,93.92501968473054,61.0,38.83199556735725
A02,A02_F1,Control,0,A02_F1_C037,128.4645532340835,67.69135447960888,96.34841492556262,50.76851585970665,139.4686178183567,139.40762770949294,54.41669065543229,76.0,46.46440641952052
A02,A02_F1,Control,0,A02_F1_C038,30.556349803560515,208.97363327736983,22.917262352670384,156.73022495802738,139.4686178183567,139.40762770949294,96.92516484805752,94.0,46.64547594679054
A02,A02_F1,Control,0,A02_F1_C039,241.5025649532587,45.693464216419656,181.12692371494404,34.27009816231474,139.4686178183567,139.40762770949294,103.90483544577282,86.0,44.315086999942615
A02,A02_F1,Control,0,A02_F1_C040,119.75248957360442,210.6127701082631,89.81436718020332,157.95957758119732,139.4686178183567,139.40762770949294,55.41326677392669,102.0,43.6683809672184
A02,A02_F2,Control,0,A02_F2_C001,136.90874563537687,46.98444846001469,102.68155922653266,35.23833634501102,135.56185171798182,119.40172101659168,54.32234772047346,122.0,39.11990412233847
A02,A02_F2,Control,0,A02_F2_C002,215.3128357294954,85.7017453896182,161.48462679712154,64.27630904221365,135.56185171798182,119.40172101659168,64.93418315521961,54.0,41.403159729395405
A02,A02_F2,Control,0,A02_F2_C003,240.72847497434896,236.4837634582389,180.54635623076172,177.3628225936792,135.56185171798182,119.40172101659168,118.03442553580749,156.0,42.16385504714864
A02,A02_F2,Control,0,A02_F2_C004,124.4621207801795,66.77157482488364,93.34659058513463,50.07868111866273,135.56185171798182,119.40172101659168,40.34091195321249,54.0,46.94259025546914
A02,A02_F2,Control,0,A02_F2_C005,161.44219058690496,145.75254441137724,121.08164294017872,109.31440830853292,135.56185171798182,119.40172101659168,27.70088051621876,125.0,48.98989587128741
A02,A02_F2,Control,0,A02_F2_C006,97.88340636818867,203.6777949180209,73.4125547761415,152.7583461885157,135.56185171798182,119.40172101659168,69.23650449995141,103.0,37.30187992497919
A02,A02_F2,Control,0,A02_F2_C007,202.38588323121056,133.51775257443126,151.78941242340795,100.13831443082344,135.56185171798182,119.40172101659168,51.224031110655375,90.0,36.422067902055154
A02,A02_F2,Control,0,A02_F2_C008,107.8728202823798,190.0147746846815,80.90461521178484,142.51108101351113,135.56185171798182,119.40172101659168,56.885835391800654,99.0,37.954796673185136
A02,A02_F2,Control,0,A02_F2_C009,149.32035828309247,191.2315833931296,111.99026871231936,143.42368754484718,135.56185171798182,119.40172101659168,54.85174945216602,46.0,48.75619673475936
A02,A02_F2,Control,0,A02_F2_C010,89.2370018470524,90.33648693047029,66.9277513852893,67.7523651978527,135.56185171798182,119.40172101659168,41.01601511331172,118.0,40.75969812583963
A02,A02_F2,Control,0,A02_F2_C011,158.99956296470478,229.7051758772941,119.2496722235286,172.27888190797057,135.56185171798182,119.40172101659168,84.57452562837186,142.0,36.87078205509516
A02,A02_F2,Control,0,A02_F2_C012,168.89739909492363,103.16530356171818,126.67304932119272,77.37397767128863,135.56185171798182,119.40172101659168,27.80953044394501,76.0,53.14397720213688
A02,A02_F2,Control,0,A02_F2_C013,137.048551133136,15.936691217187846,102.78641334985198,11.952518412890884,135.56185171798182,119.40172101659168,77.60678288609945,139.0,46.30628950916736
A02,A02_F2,Control,0,A02_F2_C014,185.79043514746988,34.77041623015768,139.3428263606024,26.07781217261826,135.56185171798182,119.40172101659168,73.81070175145926,69.0,49.802343308077326
A02,A02_F2,Control,0,A02_F2_C015,45.070429636813785,127.699347783568,33.802822227610335,95.774510837676,135.56185171798182,119.40172101659168,68.15328895315936,95.0,46.10472210538596
A02,A02_F2,Control,0,A02_F2_C016,218.7102841225262,118.25830229174984,164.03271309189464,88.69372671881239,135.56185171798182,119.40172101659168,62.36722043641025,79.0,41.44738085614173
A02,A02_F2,Control,0,A02_F2_C017,35.039393816305555,164.69183626327975,26.279545362229165,123.51887719745982,135.56185171798182,119.40172101659168,82.69054954122367,94.0,38.83137897236573
A02,A02_F2,Control,0,A02_F2_C018,218.1451430556837,69.33534294790942,163.60885729176275,52.00150721093207,135.56185171798182,119.40172101659168,72.43090672744428,44.0,36.04611863233736
A02,A02_F2,Control,0,A02_F2_C019,12.553111319328067,127.60257177083878,9.41483348949605,95.70192882812908,135.56185171798182,119.40172101659168,92.46135595074688,96.0,25.200289181730767
A02,A02_F2,Control,0,A02_F2_C020,42.43144974308511,196.0206149470572,31.823587307313836,147.0154612102929,135.56185171798182,119.40172101659168,90.44803069726144,44.0,37.51722404143568
A02,A02_F2,Control,0,A02_F2_C021,50.88261002361669,27.14198321018812,38.16195751771252,20.356487407641087,135.56185171798182,119.40172101659168,93.92214154099636,97.0,40.27624769104307
A02,A02_F2,Control,0,A02_F2_C022,96.30801627678828,25.71902617833512,72.23101220759119,19.28926963375134,135.56185171798182,119.40172101659168,76.18062343085504,87.0,42.91437853017477
A02,A02_F2,Control,0,A02_F2_C023,110.95060773845807,217.44731711817377,83.21295580384357,163.08548783863034,135.56185171798182,119.40172101659168,75.81551218509307,116.0,47.38596713194356
A02,A02_F2,Control,0,A02_F2_C024,106.05183622463092,124.80358794201464,79.53887716847319,93.60269095651098,135.56185171798182,119.40172101659168,22.500264757164658,93.0,47.20122738372422
A02,A02_F2,Control,0,A02_F2_C025,235.42242051141608,186.9029748650813,176.56681538356207,140.17723114881096,135.56185171798182,119.40172101659168,90.40083387260528,106.0,42.14875785929701
A02,A02_F2,Control,0,A02_F2_C026,239.1386748188393,206.4330999428887,179.35400611412945,154.82482495716653,135.56185171798182,119.40172101659168,101.46537981416098,59.0,34.29670973093643
A02,A02_F2,Control,0,A02_F2_C027,175.28266977435388,166.39372167155034,131.46200233076542,124.79529125366275,135.56185171798182,119.40172101659168,46.147808462054456,55.0,38.7381904876336
A02,A02_F2,Control,0,A02_F2_C028,36.01377192076714,183.13928714529308,27.01032894057536,137.3544653589698,135.56185171798182,119.40172101659168,88.65335503588855,59.0,34.65975614436468
A02,A02_F2,Control,0,A02_F2_C029,176.16898048639882,194.35990489795364,132.12673536479912,145.76992867346524,135.56185171798182,119.40172101659168,63.93796511974608,59.0,40.573004865403455
A02,A02_F2,Control,0,A02_F2_C030,66.1036156247369,104.48874940208262,49.57771171855268,78.36656205156197,135.56185171798182,119.40172101659168,53.28085347479485,102.0,46.08408299355527
A02,A02_F2,Control,0,A02_F2_C031,87.59125106180947,57.32304151032896,65.6934382963571,42.99228113274672,135.56185171798182,119.40172101659168,58.84007392340976,115.0,41.48667985785807
A02,A02_F2,Control,0,A02_F2_C032,170.23736294990445,67.38736598831429,127.67802221242836,50.54052449123572,135.56185171798182,119.40172101659168,46.88480422390733,58.0,42.30567845701018
A02,A02_F2,Control,0,A02_F2_C033,146.90785948119995,57.65162652800101,110.18089461089995,43.23871989600076,135.56185171798182,119.40172101659168,47.08785310035907,70.0,41.74074999266824
A02,A02_F2,Control,0,A02_F2_C034,72.78971097670474,31.19267475460077,54.59228323252856,23.394506065950573,135.56185171798182,119.40172101659168,81.19829026110816,94.0,45.45603823654268
A02,A02_F2,Control,0,A02_F2_C035,222.19300278847209,55.052869852590206,166.64475209135406,41.28965238944265,135.56185171798182,119.40172101659168,80.93654105120113,112.0,29.10530564579723
A02,A02_F2,Control,0,A02_F2_C036,60.60539091767846,124.1651304819787,45.45404318825885,93.12384786148402,135.56185171798182,119.40172101659168,56.33074747028769,142.0,51.001549888145206
A02,A02_F2,Control,0,A02_F2_C037,35.86387459353921,221.30827520503817,26.89790594515441,165.98120640377863,135.56185171798182,119.40172101659168,106.92336387087542,95.0,39.95121439894547
A02,A02_F2,Control,0,A02_F2_C038,123.6348993477775,195.2966196468288,92.72617451083312,146.4724647351216,135.56185171798182,119.40172101659168,57.61976140961527,133.0,51.936555138557885
A02,A02_F2,Control,0,A02_F2_C039,154.1673033049269,175.13040526991117,115.62547747869516,131.34780395243337,135.56185171798182,119.40172101659168,44.06432917922602,82.0,45.574891818899815
A02,A02_F2,Control,0,A02_F2_C040,22.462435937665177,66.02474899865355,16.846826953248883,49.518561748990166,135.56185171798182,119.40172101659168,93.79672533092312,99.0,33.437875666964835
A03,A03_F1,Control,0,A03_F1_C001,192.28421940769772,212.33395546911015,144.21316455577332,159.25046660183264,129.4798405097815,130.98340217859163,77.07979743617923,78.0,38.91647929346433
A03,A03_F1,Control,0,A03_F1_C002,108.87936091106174,133.7324495363467,81.65952068329631,100.29933715226002,129.4798405097815,130.98340217859163,15.587320948554716,63.0,39.13503567668488
A03,A03_F1,Control,0,A03_F1_C003,104.4044458536912,162.1442114793553,78.30333439026842,121.60815860951648,129.4798405097815,130.98340217859163,29.997857299454708,136.0,53.16066083510172
A03,A03_F1,Control,0,A03_F1_C004,80.80092624329163,243.02088301290505,60.60069468246872,182.2656622596788,129.4798405097815,130.98340217859163,91.6168326007736,73.0,45.39239600282542
A03,A03_F1,Control,0,A03_F1_C005,243.9069656094821,56.3297616579499,182.9302242071116,42.24732124346242,129.4798405097815,130.98340217859163,102.4696897300946,95.0,31.13852065045126
A03,A03_F1,Control,0,A03_F1_C006,230.90476612946603,34.99372700512639,173.17857459709955,26.24529525384479,129.4798405097815,130.98340217859163,104.73457508500752,93.0,37.67566573137205
A03,A03_F1,Control,0,A03_F1_C007,208.831880521258,42.828300616526434,156.62391039094348,32.121225462394825,129.4798405097815,130.98340217859163,88.95666559785197,96.0,36.88641947404157
A03,A03_F1,Control,0,A03_F1_C008,132.13690874799272,212.32515321809677,99.10268156099454,159.24386491357257,129.4798405097815,130.98340217859163,61.038852516326685,118.0,38.60082212388743
A03,A03_F1,Control,0,A03_F1_C009,96.3268882169942,60.67282910347329,72.24516616274565,45.50462182760496,129.4798405097815,130.98340217859163,58.30107974285,123.0,44.636612640744005
A03,A03_F1,Control,0,A03_F1_C010,147.42005490515595,61.94332986928537,110.56504117886696,46.45749740196403,129.4798405097815,130.98340217859163,53.49967633852805,45.0,40.09867908116662
A03,A03_F1,Control,0,A03_F1_C011,123.63010963797988,42.9024515557158,92.7225822284849,32.17683866678685,129.4798405097815,130.98340217859163,66.20623975744185,99.0,45.466810879196906
A03,A03_F1,Control,0,A03_F1_C012,162.54005685912432,34.589848135067626,121.90504264434324,25.94238610130072,129.4798405097815,130.98340217859163,76.42899339250462,130.0,43.38783224743359
A03,A03_F1,Control,0,A03_F1_C013,66.35389127860554,147.67898020173453,49.76541845895416,110.7592351513009,129.4798405097815,130.98340217859163,48.97234559344098,52.0,41.000311934717615
A03,A03_F1,Control,0,A03_F1_C014,236.5771135344949,243.55488896978815,177.4328351508712,182.66616672734116,129.4798405097815,130.98340217859163,116.53312022484072,88.0,31.65197377717278
A03,A03_F1,Control,0,A03_F1_C015,221.13356665589964,72.5277856672864,165.85017499192475,54.3958392504648,129.4798405097815,130.98340217859163,81.53112195799054,82.0,42.72189638761073
A03,A03_F1,Control,0,A03_F1_C016,183.3602910547113,144.21091648989113,137.52021829103347,108.15818736741836,129.4798405097815,130.98340217859163,41.61026824296373,131.0,44.95843748991942
A03,A03_F1,Control,0,A03_F1_C017,118.5879972277644,202.5501980241473,88.9409979208233,151.9126485181105,129.4798405097815,130.98340217859163,54.29315487420769,93.0,40.06404272049648
A03,A03_F1,Control,0,A03_F1_C018,213.7729708956617,215.7413877914514,160.32972817174627,161.80604084358853,129.4798405097815,130.98340217859163,89.65323181521633,121.0,41.48164486519646
A03,A03_F1,Control,0,A03_F1_C019,193.9966254741121,87.50982956697712,145.4974691055841,65.63237217523283,129.4798405097815,130.98340217859163,58.34772034951267,56.0,35.56821884832034
A03,A03_F1,Control,0,A03_F1_C020,124.9072913056682,227.98234391355533,93.68046847925116,170.9867579351665,129.4798405097815,130.98340217859163,72.8299930211372,69.0,32.26941659104433
A03,A03_F1,Control,0,A03_F1_C021,30.048763971692907,154.95860353875258,22.53657297876968,116.21895265406444,129.4798405097815,130.98340217859163,76.71055311854566,129.0,37.03560338571948
A03,A03_F1,Control,0,A03_F1_C022,180.2111354381451,97.9529323954144,135.15835157860883,73.4646992965608,129.4798405097815,130.98340217859163,45.40242695389061,81.0,42.53047841280132
A03,A03_F1,Control,0,A03_F1_C023,96.60951264820686,32.007820741491486,72.45713448615514,24.00586555611861,129.4798405097815,130.98340217859163,78.21829132740271,82.0,36.48327566361196
A03,A03_F1,Control,0,A03_F1_C024,169.36145028011126,182.925088720476,127.02108771008344,137.193816540357,129.4798405097815,130.98340217859163,49.11487452149432,112.0,49.64783789915633
A03,A03_F1,Control,0,A03_F1_C025,96.00080359560695,179.15277082629197,72.00060269670523,134.36457811971897,129.4798405097815,130.98340217859163,43.99588467797901,87.0,41.77921363737229
A03,A03_F1,Control,0,A03_F1_C026,67.98228327726243,60.427882560758,50.98671245794682,45.3209119205685,129.4798405097815,130.98340217859163,70.1962775219354,75.0,43.11963432256687
A03,A03_F1,Control,0,A03_F1_C027,124.19144214206412,146.9137317906411,93.1435816065481,110.1852988429808,129.4798405097815,130.98340217859163,12.588891506001286,102.0,56.67408266343185
A03,A03_F1,Control,0,A03_F1_C028,238.6136171466864,157.52686479148457,178.9602128600148,118.14514859361344,129.4798405097815,130.98340217859163,84.23650837620936,84.0,35.604634538601005
A03,A03_F1,Control,0,A03_F1_C029,19.75454525549007,180.57893653416653,14.81590894161755,135.43420240062488,129.4798405097815,130.98340217859163,90.30995827562012,58.0,33.06726801585649
A03,A03_F1,Control,0,A03_F1_C030,132.4250591610637,171.65987036941294,99.31879437079778,128.7449027770597,129.4798405097815,130.98340217859163,30.58721587163176,81.0,41.64619386417513
A03,A03_F1,Control,0,A03_F1_C031,243.5406725770177,26.51868836102937,182.65550443276328,19.889016270772025,129.4798405097815,130.98340217859163,116.00235681972666,80.0,30.24811529150572
A03,A03_F1,Control,0,A03_F1_C032,188.50319884098204,120.8571114579968,141.3773991307365,90.6428335934976,129.4798405097815,130.98340217859163,44.91428456798415,72.0,43.537503104376704
A03,A03_F1,Control,0,A03_F1_C033,26.841746520246915,61.23133851026402,20.131309890185182,45.923503882698014,129.4798405097815,130.98340217859163,93.07233695967167,76.0,43.88107384019
A03,A03_F1,Control,0,A03_F1_C034,32.77505701664981,113.63493130243842,24.58129276248736,85.22619847682881,129.4798405097815,130.98340217859163,73.6864392755495,126.0,41.83976481123232
A03,A03_F1,Control,0,A03_F1_C035,125.2738079144003,117.72776909236622,93.9553559358002,88.29582681927467,129.4798405097815,130.98340217859163,10.430192556918556,152.0,40.37889685070659
A03,A03_F1,Control,0,A03_F1_C036,90.1490459724002,164.480281930238,67.61178447930016,123.3602114476785,129.4798405097815,130.98340217859163,38.74642819694935,69.0,43.77316965082967
A03,A03_F1,Control,0,A03_F1_C037,186.84890240991732,38.55086762352272,140.136676807438,28.91315071764204,129.4798405097815,130.98340217859163,81.59153003229741,84.0,36.52981214552928
A03,A03_F1,Control,0,A03_F1_C038,37.63922249855642,167.67227766505778,28.22941687391732,125.75420824879332,129.4798405097815,130.98340217859163,74.17334187155222,94.0,36.07435733329649
A03,A03_F1,Control,0,A03_F1_C039,123.20615561619287,14.472065483129668,92.40461671214466,10.85404911234725,129.4798405097815,130.98340217859163,87.51009095611707,156.0,43.8081847572745
A03,A03_F1,Control,0,A03_F1_C040,155.16367387782955,204.01459820741317,116.37275540837216,153.01094865555984,129.4798405097815,130.98340217859163,58.0618926280936,122.0,38.62404406538124
A03,A03_F2,Control,0,A03_F2_C001,223.7574464913245,18.303759130045243,167.81808486849334,13.727819347533933,141.28469811680094,125.9320979916386,101.69517010254869,87.0,34.76845805095236
A03,A03_F2,Control,0,A03_F2_C002,111.04890670040024,57.5011944466647,83.28668002530019,43.12589583499852,141.28469811680094,125.9320979916386,56.10978345118305,118.0,37.55176283260098
A03,A03_F2,Control,0,A03_F2_C003,113.67045100368615,124.31404330414632,85.25283825276462,93.23553247810972,141.28469811680094,125.9320979916386,20.74620854120542,116.0,50.261950309261344
A03,A03_F2,Control,0,A03_F2_C004,113.63864936748992,178.50973815656778,85.22898702561744,133.88230361742583,141.28469811680094,125.9320979916386,44.55222378769275,129.0,45.06804827549555
A03,A03_F2,Control,0,A03_F2_C005,70.43242270641606,89.50099987155856,52.82431702981205,67.12574990366892,141.28469811680094,125.9320979916386,59.75231615258491,122.0,43.59032929196169
A03,A03_F2,Control,0,A03_F2_C006,49.64216403120029,86.29337213999224,37.23162302340022,64.72002910499418,141.28469811680094,125.9320979916386,74.88584803175101,97.0,48.617423909504026
A03,A03_F2,Control,0,A03_F2_C007,221.39654426738224,56.86815361551322,166.0474082005367,42.65111521163492,141.28469811680094,125.9320979916386,79.32907205037858,79.0,35.56093782068317
A03,A03_F2,Control,0,A03_F2_C008,63.17284880967421,219.1321615975177,47.379636607255655,164.34912119813828,141.28469811680094,125.9320979916386,91.2035552092381,109.0,37.350926860162495
A03,A03_F2,Control,0,A03_F2_C009,102.199927877608,140.81433115830734,76.64994590820599,105.6107483687305,141.28469811680094,125.9320979916386,31.366683318150628,47.0,43.60796507909716
A03,A03_F2,Control,0,A03_F2_C010,197.5704420737289,217.7387105223208,148.1778315552967,163.3040328917406,141.28469811680094,125.9320979916386,80.76542100981904,51.0,31.10756779204265
A03,A03_F2,Control,0,A03_F2_C011,104.03127768702176,202.4656826580029,78.02345826526631,151.84926199350218,141.28469811680094,125.9320979916386,63.8390859115778,98.0,41.87581920769734
A03,A03_F2,Control,0,A03_F2_C012,64.33786810123686,22.015745039419222,48.25340107592765,16.51180877956442,141.28469811680094,125.9320979916386,96.97770605370116,85.0,31.696118861052803
A03,A03_F2,Control,0,A03_F2_C013,30.20152830600881,86.19603459946636,22.65114622950661,64.64702594959977,141.28469811680094,125.9320979916386,88.4822821749078,106.0,30.1693380058721
A03,A03_F2,Control,0,A03_F2_C014,39.64870738882866,123.3810625584544,29.736530541621494,92.5357969188408,141.28469811680094,125.9320979916386,76.25100062349202,86.0,39.49547766821191
A03,A03_F2,Control,0,A03_F2_C015,142.78547943494837,13.158042540067443,107.08910957621129,9.868531905050585,141.28469811680094,125.9320979916386,84.58803082736887,77.0,35.846700191328
A03,A03_F2,Control,0,A03_F2_C016,85.40397065087281,97.06316947544954,64.05297798815461,72.79737710658716,141.28469811680094,125.9320979916386,47.17297731630069,45.0,42.16143903969437
A03,A03_F2,Control,0,A03_F2_C017,93.10530703120271,42.25613255000759,69.82898027340204,31.69209941250569,141.28469811680094,125.9320979916386,72.41645542524866,73.0,46.07080240667162
A03,A03_F2,Control,0,A03_F2_C018,212.7316799200728,236.76319612741105,159.54875994005462,177.57239709555827,141.28469811680094,125.9320979916386,98.8982531775096,72.0,34.217842274805484
A03,A03_F2,Control,0,A03_F2_C019,52.35982900673102,238.90431844960256,39.26987175504826,179.17823883720192,141.28469811680094,125.9320979916386,107.8289138151883,107.0,32.828581062351375
A03,A03_F2,Control,0,A03_F2_C020,28.518759959274472,229.14593661469345,21.389069969455853,171.85945246102008,141.28469811680094,125.9320979916386,114.65254021026908,82.0,31.090393594999053
A03,A03_F2,Control,0,A03_F2_C021,131.75906974854237,174.28391769074798,98.81930231140676,130.71293826806098,141.28469811680094,125.9320979916386,36.960895362724415,69.0,41.1787348842206
A03,A03_F2,Control,0,A03_F2_C022,162.52798387520795,83.18443392453749,121.89598790640596,62.38832544340312,141.28469811680094,125.9320979916386,35.80132657900366,87.0,47.2528585864268
A03,A03_F2,Control,0,A03_F2_C023,112.29151699484734,236.50379342593968,84.2186377461355,177.37784506945476,141.28469811680094,125.9320979916386,85.73226472756487,102.0,33.56080116471519
A03,A03_F2,Control,0,A03_F2_C024,193.04176718605905,59.063138348492245,144.78132538954426,44.29735376136918,141.28469811680094,125.9320979916386,63.41937187364863,148.0,37.47146837728527
A03,A03_F2,Control,0,A03_F2_C025,19.598952570018405,66.62092464060512,14.699214427513803,49.96569348045384,141.28469811680094,125.9320979916386,101.52805141375148,154.0,30.047205534977053
A03,A03_F2,Control,0,A03_F2_C026,64.98690683384496,170.9686974914131,48.74018012538372,128.22652311855984,141.28469811680094,125.9320979916386,66.44868049971227,97.0,34.93953629488838
A03,A03_F2,Control,0,A03_F2_C027,90.52158738894292,210.052734673317,67.89119054170719,157.53955100498774,141.28469811680094,125.9320979916386,73.6879291075281,84.0,38.55941029839928
A03,A03_F2,Control,0,A03_F2_C028,106.1627533972657,160.16600622305907,79.62206504794928,120.1245046672943,141.28469811680094,125.9320979916386,36.78451038065707,115.0,39.90042907978968
A03,A03_F2,Control,0,A03_F2_C029,12.668496096347994,54.015355529823374,9.501372072260995,40.51151664736753,141.28469811680094,125.9320979916386,110.51790223091832,83.0,39.14323171221741
A03,A03_F2,Control,0,A03_F2_C030,118.8127034650102,34.16095326949225,89.10952759875764,25.62071495211919,141.28469811680094,125.9320979916386,70.86183825109481,67.0,40.27901090394733
A03,A03_F2,Control,0,A03_F2_C031,241.6931802684204,134.08198788172533,181.26988520131528,100.561490911294,141.28469811680094,125.9320979916386,75.55401872952952,91.0,33.145454876742164
A03,A03_F2,Control,0,A03_F2_C032,233.0888231171413,232.77915874154485,174.81661733785597,174.58436905615864,141.28469811680094,125.9320979916386,105.65232658990246,78.0,33.376427653952426
A03,A03_F2,Control,0,A03_F2_C033,146.8384038198012,81.32981808445791,110.12880286485088,60.99736356334344,141.28469811680094,125.9320979916386,33.71003483718375,104.0,48.96916047240832
A03,A03_F2,Control,0,A03_F2_C034,131.9801028400873,156.3159922621891,98.98507713006548,117.23699419664185,141.28469811680094,125.9320979916386,23.83249976236088,97.0,45.331386414434704
A03,A03_F2,Control,0,A03_F2_C035,14.282741936396157,124.51539014923924,10.712056452297118,93.38654261192944,141.28469811680094,125.9320979916386,95.25739322122246,72.0,26.23264400384103
A03,A03_F2,Control,0,A03_F2_C036,30.087447428304323,201.55704865451483,22.56558557122824,151.16778649088613,141.28469811680094,125.9320979916386,100.8574661065634,111.0,23.824569073669608
A03,A03_F2,Control,0,A03_F2_C037,17.22446757835698,80.5090114574702,12.918350683767734,60.381758593102646,141.28469811680094,125.9320979916386,99.08575147438006,82.0,31.13831570433978
A03,A03_F2,Control,0,A03_F2_C038,212.99549446120812,147.5905520175643,159.7466208459061,110.69291401317324,141.28469811680094,125.9320979916386,56.182594328826426,126.0,37.68512234956189
A03,A03_F2,Control,0,A03_F2_C039,242.5760242216897,173.81007924410358,181.93201816626728,130.35755943307768,141.28469811680094,125.9320979916386,84.02756411443391,126.0,38.02433812057971
A03,A03_F2,Control,0,A03_F2_C040,163.33770933563798,230.014874402267,122.50328200172848,172.51115580170026,141.28469811680094,125.9320979916386,79.79506440033867,104.0,34.504030264496095
A04,A04_F1,Control,0,A04_F1_C001,116.91775229352992,76.5936666191884,87.68831422014745,57.445249964391294,125.87814071188316,125.4092737252819,37.223370111814674,99.0,53.21019162023438
A04,A04_F1,Control,0,A04_F1_C002,112.53823389077814,40.31041636319351,84.40367541808361,30.232812272395133,125.87814071188316,125.4092737252819,64.60355918260205,55.0,33.46837950794445
A04,A04_F1,Control,0,A04_F1_C003,209.78364759299987,231.98085681991887,157.3377356947499,173.98564261493914,125.87814071188316,125.4092737252819,101.7284153010075,65.0,34.00855700681501
A04,A04_F1,Control,0,A04_F1_C004,79.91260458692975,16.20141854022296,59.93445344019731,12.15106390516722,125.87814071188316,125.4092737252819,88.86530372858437,65.0,40.95842133443431
A04,A04_F1,Control,0,A04_F1_C005,195.4036783210333,152.9358420219616,146.55275874077498,114.7018815164712,125.87814071188316,125.4092737252819,56.08231176042615,82.0,45.12373635264804
A04,A04_F1,Control,0,A04_F1_C006,91.19661946136814,51.29410986698352,68.39746459602611,38.47058240023764,125.87814071188316,125.4092737252819,61.371200936356885,70.0,50.231399439969145
A04,A04_F1,Control,0,A04_F1_C007,109.23764344257307,238.08375766146256,81.9282325819298,178.56281824609692,125.87814071188316,125.4092737252819,85.4224828853955,131.0,39.91164265588935
A04,A04_F1,Control,0,A04_F1_C008,216.92852798057547,87.40149042582684,162.6963959854316,65.55111781937012,125.87814071188316,125.4092737252819,73.99868306178439,88.0,48.03957736627902
A04,A04_F1,Control,0,A04_F1_C009,132.86509668223422,81.91359892928732,99.64882251167566,61.435199196965485,125.87814071188316,125.4092737252819,33.03995830545085,47.0,53.69120046364708
A04,A04_F1,Control,0,A04_F1_C010,218.64013571017517,218.62441711200572,163.98010178263135,163.9683128340043,125.87814071188316,125.4092737252819,98.62956455027688,75.0,38.64004247098424
A04,A04_F1,Control,0,A04_F1_C011,187.1231020750652,130.31631044016495,140.34232655629887,97.73723283012372,125.87814071188316,125.4092737252819,46.0809198009937,75.0,50.94261593951978
A04,A04_F1,Control,0,A04_F1_C012,143.39847124623412,204.90277003217693,107.5488534346756,153.6770775241327,125.87814071188316,125.4092737252819,61.05100400185139,90.0,46.96781369971197
A04,A04_F1,Control,0,A04_F1_C013,53.90047783173444,154.68990231171722,40.42535837380083,116.01742673378791,125.87814071188316,125.4092737252819,58.27909813826157,101.0,48.526656764905205
A04,A04_F1,Control,0,A04_F1_C014,191.9132800734941,29.21864082710444,143.93496005512054,21.913980620328328,125.87814071188316,125.4092737252819,87.50696307677958,104.0,42.04383796645816
A04,A04_F1,Control,0,A04_F1_C015,116.13595149593716,187.8097817398483,87.10196362195286,140.85733630488622,125.87814071188316,125.4092737252819,47.36731656741104,81.0,43.569611785594496
A04,A04_F1,Control,0,A04_F1_C016,196.6705636534688,170.6161670602856,147.50292274010158,127.9621252952142,125.87814071188316,125.4092737252819,62.99656397300801,54.0,46.75729697330038
A04,A04_F1,Control,0,A04_F1_C017,88.90095566073074,69.56853244273182,66.67571674554806,52.17639933204887,125.87814071188316,125.4092737252819,50.23040999461056,76.0,46.07348583357571
A04,A04_F1,Control,0,A04_F1_C018,225.8371718375229,36.32470368055076,169.37787887814218,27.243527760413063,125.87814071188316,125.4092737252819,100.42124299441112,91.0,39.90593697104737
A04,A04_F1,Control,0,A04_F1_C019,158.43317682765826,167.64966507648688,118.8248826207437,125.73724880736516,125.87814071188316,125.4092737252819,39.997444716835794,88.0,55.18440398631138
A04,A04_F1,Control,0,A04_F1_C020,146.20025691842508,238.8256272391531,109.6501926888188,179.11922042936482,125.87814071188316,125.4092737252819,86.41698287354329,96.0,33.31731049472415
A04,A04_F1,Control,0,A04_F1_C021,134.34428413977622,100.4662144405981,100.75821310483217,75.34966083044857,125.87814071188316,125.4092737252819,19.755515241300618,83.0,45.620888447360905
A04,A04_F1,Control,0,A04_F1_C022,156.11455161771977,80.48742088608633,117.08591371328984,60.36556566456474,125.87814071188316,125.4092737252819,40.612437028849655,154.0,54.9607076786326
A04,A04_F1,Control,0,A04_F1_C023,160.49795512517588,240.1624414607753,120.37346634388192,180.1218310955815,125.87814071188316,125.4092737252819,89.89625600451545,58.0,39.17604743598573
A04,A04_F1,Control,0,A04_F1_C024,41.97559263110071,72.28664573026555,31.481694473325533,54.21498429769916,125.87814071188316,125.4092737252819,74.47938499003605,75.0,34.70354640050897
A04,A04_F1,Control,0,A04_F1_C025,135.08564407431334,139.7976881876307,101.314233055735,104.84826614072304,125.87814071188316,125.4092737252819,12.8117165618659,101.0,48.41917294416027
A04,A04_F1,Control,0,A04_F1_C026,217.01806277089207,110.96540629213789,162.76354707816904,83.2240547191034,125.87814071188316,125.4092737252819,69.20801809316251,92.0,48.78966788568231
A04,A04_F1,Control,0,A04_F1_C027,30.22575692189963,47.90765604298461,22.669317691424723,35.930742032238456,125.87814071188316,125.4092737252819,92.33191262123076,66.0,45.76356826683962
A04,A04_F1,Control,0,A04_F1_C028,243.2718298914052,41.48566247079878,182.45387241855389,31.114246853099083,125.87814071188316,125.4092737252819,108.2300954756077,50.0,36.14567328270266
A04,A04_F1,Control,0,A04_F1_C029,224.71448508802905,149.0078371735993,168.53586381602176,111.75587788019948,125.87814071188316,125.4092737252819,76.21090657600266,80.0,48.160604410128805
A04,A04_F1,Control,0,A04_F1_C030,77.07894725681894,78.15416252793345,57.8092104426142,58.615621895950085,125.87814071188316,125.4092737252819,50.94706894491511,75.0,59.430871568131614
A04,A04_F1,Control,0,A04_F1_C031,116.8674764488422,136.3894328571617,87.65060733663165,102.29207464287128,125.87814071188316,125.4092737252819,10.65306201639878,45.0,65.44075377544267
A04,A04_F1,Control,0,A04_F1_C032,170.11830445380994,192.6719189588188,127.58872834035743,144.5039392191141,125.87814071188316,125.4092737252819,60.38061556986142,78.0,43.103010671500506
A04,A04_F1,Control,0,A04_F1_C033,23.95163252556928,236.954993759957,17.96372439417696,177.71624531996775,125.87814071188316,125.4092737252819,113.32562225782708,89.0,38.21784380352945
A04,A04_F1,Control,0,A04_F1_C034,178.46730500621874,95.79311282161652,133.85047875466404,71.84483461621238,125.87814071188316,125.4092737252819,45.266319357384646,92.0,51.07653661754368
A04,A04_F1,Control,0,A04_F1_C035,122.13505309801972,109.65764825922444,91.6012898235148,82.24323619441833,125.87814071188316,125.4092737252819,12.142692471637194,52.0,50.92996598270416
A04,A04_F1,Control,0,A04_F1_C036,43.21264660758765,175.40452810509973,32.40948495569073,131.5533960788248,125.87814071188316,125.4092737252819,72.45601440878204,156.0,44.0584287770724
A04,A04_F1,Control,0,A04_F1_C037,239.5442916554181,97.87340275661629,179.6582187415636,73.40505206746221,125.87814071188316,125.4092737252819,87.71543569367272,113.0,39.48013772947078
A04,A04_F1,Control,0,A04_F1_C038,231.3593871150624,207.86990943404209,173.51954033629676,155.90243207553155,125.87814071188316,125.4092737252819,100.41614911779304,118.0,32.60505480362264
A04,A04_F1,Control,0,A04_F1_C039,40.27048203608052,222.3976041117824,30.202861527060385,166.7982030838368,125.87814071188316,125.4092737252819,97.02405213915496,73.0,40.99197585133078
A04,A04_F1,Control,0,A04_F1_C040,22.44380317284241,190.8510556102354,16.83285237963181,143.13829170767656,125.87814071188316,125.4092737252819,91.7985569691057,79.0,45.311736909574975
A04,A04_F2,Control,0,A04_F2_C001,17.66264846899852,65.46810167006082,13.24698635174889,49.10107625254561,125.111560954007,130.28536114835313,94.1139313825222,52.0,38.27402408826693
A04,A04_F2,Control,0,A04_F2_C002,151.39870924001926,15.441917399349396,113.54903193001444,11.581438049512048,125.111560954007,130.28536114835313,88.36015668638228,62.0,43.16202539723168
A04,A04_F2,Control,0,A04_F2_C003,39.32018946228773,103.3024218454658,29.4901420967158,77.47681638409935,125.111560954007,130.28536114835313,67.45097567987867,86.0,52.81913215826216
A04,A04_F2,Control,0,A04_F2_C004,192.3330763506889,124.54622023201765,144.2498072630167,93.40966517401324,125.111560954007,130.28536114835313,50.59954843928645,64.0,56.22754499094447
A04,A04_F2,Control,0,A04_F2_C005,148.17268373865073,109.63797305895592,111.12951280398804,82.22847979421692,125.111560954007,130.28536114835313,23.21525652860551,134.0,56.875063300610464
A04,A04_F2,Control,0,A04_F2_C006,161.8737477779423,160.10170137371705,121.40531083345672,120.0762760302878,125.111560954007,130.28536114835313,35.50022246463146,98.0,43.51821195063915
A04,A04_F2,Control,0,A04_F2_C007,102.59897650335802,33.99060365396623,76.94923237751851,25.492952740474674,125.111560954007,130.28536114835313,74.16850368247354,152.0,50.09622132599755
A04,A04_F2,Control,0,A04_F2_C008,181.94493484054763,236.5975808178582,136.45870113041073,177.44818561339363,125.111560954007,130.28536114835313,90.41255580167632,81.0,41.0329842724879
A04,A04_F2,Control,0,A04_F2_C009,198.74033777873817,49.04601523803879,149.05525333405362,36.78451142852909,125.111560954007,130.28536114835313,82.23033689953483,72.0,44.93186807411013
A04,A04_F2,Control,0,A04_F2_C010,19.61195540751288,153.72644293499613,14.70896655563466,115.29483220124708,125.111560954007,130.28536114835313,81.05432583002026,74.0,47.6633409370731
A04,A04_F2,Control,0,A04_F2_C011,95.68460361133184,205.57647128079597,71.76345270849887,154.18235346059697,125.111560954007,130.28536114835313,60.628104946679485,86.0,44.247363153523374
A04,A04_F2,Control,0,A04_F2_C012,45.578592092641365,195.0421010621034,34.18394406948102,146.28157579657756,125.111560954007,130.28536114835313,76.92137077132745,84.0,50.4664998437448
A04,A04_F2,Control,0,A04_F2_C013,19.721897062124125,188.58822338290275,14.791422796593093,141.44116753717705,125.111560954007,130.28536114835313,90.33128091913404,140.0,45.674324723192925
A04,A04_F2,Control,0,A04_F2_C014,44.0070028274341,179.62048439405265,33.00525212057558,134.71536329553948,125.111560954007,130.28536114835313,71.19828544774403,91.0,48.458681511613136
A04,A04_F2,Control,0,A04_F2_C015,177.3290367334339,143.42923669082674,132.99677755007542,107.57192751812003,125.111560954007,130.28536114835313,40.38474044229117,81.0,48.42072003601597
A04,A04_F2,Control,0,A04_F2_C016,135.5827458340909,26.217052336238552,101.68705937556815,19.662789252178914,125.111560954007,130.28536114835313,78.44533427260784,101.0,46.196103445126845
A04,A04_F2,Control,0,A04_F2_C017,16.261487436839758,236.7765036871374,12.196115577629818,177.58237776535304,125.111560954007,130.28536114835313,114.20877743609928,102.0,38.757131533348925
A04,A04_F2,Control,0,A04_F2_C018,150.39012280538674,177.4718830749139,112.79259210404004,133.10391230618544,125.111560954007,130.28536114835313,40.148289088078286,115.0,56.80438647182155
A04,A04_F2,Control,0,A04_F2_C019,102.0689918106617,229.1121390708232,76.55174385799627,171.8341043031174,125.111560954007,130.28536114835313,76.10815833624852,89.0,51.6474915858579
A04,A04_F2,Control,0,A04_F2_C020,203.06862686081632,133.79672119195726,152.30147014561226,100.34754089396796,125.111560954007,130.28536114835313,58.52707918529566,78.0,47.689738496317126
A04,A04_F2,Control,0,A04_F2_C021,68.80148857596834,161.68747004643592,51.60111643197625,121.26560253482694,125.111560954007,130.28536114835313,48.35561643323026,45.0,45.75630365472991
A04,A04_F2,Control,0,A04_F2_C022,173.02248898001378,209.607678186564,129.76686673501032,157.20575863992298,125.111560954007,130.28536114835313,69.50152113515787,76.0,45.57955207315518
A04,A04_F2,Control,0,A04_F2_C023,138.24481339620633,187.67525538553224,103.68361004715474,140.7564415391492,125.111560954007,130.28536114835313,44.15508218369818,111.0,60.85966012056045
A04,A04_F2,Control,0,A04_F2_C024,104.620890870695,66.40417511658589,78.46566815302124,49.80313133743942,125.111560954007,130.28536114835313,50.31529427246471,108.0,54.9048080863195
A04,A04_F2,Control,0,A04_F2_C025,58.49876968317227,118.18228825696411,43.8740772623792,88.63671619272309,125.111560954007,130.28536114835313,50.77753871592404,86.0,48.80282998256365
A04,A04_F2,Control,0,A04_F2_C026,124.69382043716102,159.36082551276917,93.52036532787076,119.52061913457688,125.111560954007,130.28536114835313,21.80884885819368,54.0,58.65044076423687
A04,A04_F2,Control,0,A04_F2_C027,190.2637148434829,67.37907803798527,142.69778613261215,50.53430852848895,125.111560954007,130.28536114835313,67.92368534833656,102.0,42.10669015783114
A04,A04_F2,Control,0,A04_F2_C028,183.03193197664532,106.16191935558984,137.273948982484,79.62143951669239,125.111560954007,130.28536114835313,47.05740404678652,99.0,46.85825129120504
A04,A04_F2,Control,0,A04_F2_C029,66.77239375745044,179.52295043368596,50.07929531808783,134.6422128252645,125.111560954007,130.28536114835313,57.25501487335527,59.0,54.3314212965411
A04,A04_F2,Control,0,A04_F2_C030,70.30591569653453,33.085588859666764,52.729436772400895,24.814191644750075,125.111560954007,130.28536114835313,83.68956415137119,103.0,43.43174487865729
A04,A04_F2,Control,0,A04_F2_C031,79.18515792803977,64.98521488490096,59.38886844602983,48.73891116367572,125.111560954007,130.28536114835313,59.87491773083406,101.0,50.47804802857624
A04,A04_F2,Control,0,A04_F2_C032,103.12448960249196,92.0166186300828,77.34336720186896,69.0124639725621,125.111560954007,130.28536114835313,33.10150265180246,123.0,60.75145476602039
A04,A04_F2,Control,0,A04_F2_C033,37.65314004882869,149.8304176787163,28.23985503662152,112.37281325903722,125.111560954007,130.28536114835313,67.21182076001485,111.0,43.20802505902755
A04,A04_F2,Control,0,A04_F2_C034,64.45837048376674,95.53080882218084,48.34377786282506,71.64810661663563,125.111560954007,130.28536114835313,52.42863947459144,83.0,48.799514745302105
A04,A04_F2,Control,0,A04_F2_C035,156.40646273767177,90.39346720288242,117.3048470532538,67.79510040216181,125.111560954007,130.28536114835313,38.02680528411271,116.0,57.689933857022666
A04,A04_F2,Control,0,A04_F2_C036,169.92885539928218,96.35077648976788,127.44664154946165,72.2630823673259,125.111560954007,130.28536114835313,42.16138136383421,129.0,51.0748193220757
A04,A04_F2,Control,0,A04_F2_C037,122.86146416860062,138.86149027689467,92.14609812645048,104.146117707671,125.111560954007,130.28536114835313,6.649794815246334,115.0,56.426382951414745
A04,A04_F2,Control,0,A04_F2_C038,211.5924740029604,82.32550764170647,158.6943555022203,61.74413073127985,125.111560954007,130.28536114835313,74.16698340208265,82.0,31.69447948985353
A04,A04_F2,Control,0,A04_F2_C039,126.57355572841416,198.39750552331003,94.93016679631062,148.79812914248254,125.111560954007,130.28536114835313,51.09587480944419,88.0,50.65541694716664
A04,A04_F2,Control,0,A04_F2_C040,74.56023900432966,143.29263881535374,55.92017925324724,107.46947911151533,125.111560954007,130.28536114835313,39.14845846940962,79.0,47.02073585700241
A05,A05_F1,Control,0,A05_F1_C001,224.9759336055794,184.14222158543325,168.73195020418456,138.10666618907493,124.99896122063468,129.8059743919271,85.34137511232618,45.0,33.945784553357505
A05,A05_F1,Control,0,A05_F1_C002,216.65459362118744,118.20138087582134,162.49094521589058,88.65103565686601,124.99896122063468,129.8059743919271,69.29050885257197,77.0,37.79373775286246
A05,A05_F1,Control,0,A05_F1_C003,83.9194890065045,187.06967119245587,62.93961675487838,140.3022533943419,124.99896122063468,129.8059743919271,52.85586892548537,63.0,46.84614812213261
A05,A05_F1,Control,0,A05_F1_C004,230.1787926629575,64.49962819155594,172.63409449721814,48.37472114366696,124.99896122063468,129.8059743919271,92.85386440750042,112.0,41.73319670802518
A05,A05_F1,Control,0,A05_F1_C005,88.20488213252409,137.54672132739654,66.15366159939308,103.1600409955474,124.99896122063468,129.8059743919271,28.199635161148407,50.0,52.65591431001236
A05,A05_F1,Control,0,A05_F1_C006,164.60864143041795,94.60201899057328,123.45648107281346,70.95151424292996,124.99896122063468,129.8059743919271,39.74465937393055,54.0,47.11369302103988
A05,A05_F1,Control,0,A05_F1_C007,154.75470766075335,218.3248659222083,116.06603074556502,163.7436494416562,124.99896122063468,129.8059743919271,70.03971526731499,127.0,43.52842245618835
A05,A05_F1,Control,0,A05_F1_C008,14.887904687787051,30.16846885369707,11.165928515840289,22.6263516402728,124.99896122063468,129.8059743919271,111.37456383919844,70.0,43.04053714111769
A05,A05_F1,Control,0,A05_F1_C009,170.97061463062312,12.350660088836204,128.22796097296734,9.262995066627152,124.99896122063468,129.8059743919271,94.59859075905072,126.0,41.88767586141866
A05,A05_F1,Control,0,A05_F1_C010,129.32637561928914,30.090009323441475,96.99478171446684,22.567506992581105,124.99896122063468,129.8059743919271,74.85736513707842,95.0,39.13507729299593
A05,A05_F1,Control,0,A05_F1_C011,172.13134439243902,121.15000643308234,129.09850829432926,90.86250482481177,124.99896122063468,129.8059743919271,35.94047676612766,69.0,43.27508827271192
A05,A05_F1,Control,0,A05_F1_C012,179.5862460898048,133.89951756966553,134.6896845673536,100.42463817724916,124.99896122063468,129.8059743919271,41.055419013681565,53.0,53.43976925684305
A05,A05_F1,Control,0,A05_F1_C013,29.95816873276626,61.58632893686907,22.468626549574694,46.1897467026518,124.99896122063468,129.8059743919271,87.74253898645134,86.0,46.79293829723355
A05,A05_F1,Control,0,A05_F1_C014,47.11752083074892,48.7169280547252,35.33814062306169,36.5376960410439,124.99896122063468,129.8059743919271,84.3239918920328,95.0,39.9673950886141
A05,A05_F1,Control,0,A05_F1_C015,106.84310805401942,142.48826083682766,80.13233104051457,106.86619562762075,124.99896122063468,129.8059743919271,16.61000929993684,98.0,59.077887864253725
A05,A05_F1,Control,0,A05_F1_C016,92.96832598416565,107.3845977043641,69.72624448812422,80.53844827827308,124.99896122063468,129.8059743919271,29.323750544520145,85.0,55.54617569063191
A05,A05_F1,Control,0,A05_F1_C017,68.87625776379156,92.61607090297458,51.65719332284367,69.46205317723094,124.99896122063468,129.8059743919271,50.49481463687705,88.0,45.18664007059216
A05,A05_F1,Control,0,A05_F1_C018,134.28692821487095,112.36702696095358,100.71519616115322,84.27527022071519,124.99896122063468,129.8059743919271,14.818588338376994,80.0,48.24912026028581
A05,A05_F1,Control,0,A05_F1_C019,17.122281064934775,171.86156643993223,12.84171079870108,128.8961748299492,124.99896122063468,129.8059743919271,86.83837663128506,73.0,38.3792909394397
A05,A05_F1,Control,0,A05_F1_C020,25.764307726439288,132.49102088963136,19.323230794829467,99.36826566722353,124.99896122063468,129.8059743919271,74.45322917748041,81.0,40.91824913100475
A05,A05_F1,Control,0,A05_F1_C021,62.714523129738566,197.5205505969675,47.03589234730393,148.14041294772562,124.99896122063468,129.8059743919271,69.002506988126,50.0,41.04428892065482
A05,A05_F1,Control,0,A05_F1_C022,29.91047024258908,189.24986235646173,22.43285268194181,141.93739676734629,124.99896122063468,129.8059743919271,84.10505796153033,138.0,41.75456735215706
A05,A05_F1,Control,0,A05_F1_C023,125.87070526954145,208.8681211404936,94.40302895215608,156.6510908553702,124.99896122063468,129.8059743919271,59.30021441551035,67.0,33.382986423148765
A05,A05_F1,Control,0,A05_F1_C024,216.37175823786305,95.90641101333593,162.27881867839727,71.92980826000193,124.99896122063468,129.8059743919271,73.09391043723163,76.0,38.513401112705765
A05,A05_F1,Control,0,A05_F1_C025,98.27487198677836,72.14147248326762,73.70615399008378,54.10610436245072,124.99896122063468,129.8059743919271,47.6670388815585,86.0,50.29137719537805
A05,A05_F1,Control,0,A05_F1_C026,122.81219188388476,102.78829187668222,92.10914391291357,77.09121890751166,124.99896122063468,129.8059743919271,20.32952618367012,81.0,52.7750983322053
A05,A05_F1,Control,0,A05_F1_C027,173.75204498133957,47.309415010310985,130.31403373600466,35.482061257733235,124.99896122063468,129.8059743919271,71.8691994937006,78.0,45.2296253728028
A05,A05_F1,Control,0,A05_F1_C028,18.703447229021016,206.9409405653957,14.027585421765762,155.20570542404676,124.99896122063468,129.8059743919271,98.50027084731522,125.0,36.80773266011698
A05,A05_F1,Control,0,A05_F1_C029,81.32006627130362,59.07253642082523,60.99004970347771,44.30440231561892,124.99896122063468,129.8059743919271,62.34961206818858,146.0,50.35249153797381
A05,A05_F1,Control,0,A05_F1_C030,177.31929747812748,67.75971422119949,132.9894731085956,50.819785665899616,124.99896122063468,129.8059743919271,60.87097208719267,54.0,44.14680805304128
A05,A05_F1,Control,0,A05_F1_C031,228.34232888469788,49.57847243192791,171.25674666352342,37.18385432394593,124.99896122063468,129.8059743919271,98.12196918823236,107.0,42.38335475974347
A05,A05_F1,Control,0,A05_F1_C032,165.9821224147598,30.463237291330103,124.48659181106984,22.84742796849758,124.99896122063468,129.8059743919271,80.59830575333058,104.0,34.91299417525394
A05,A05_F1,Control,0,A05_F1_C033,71.2618116348002,177.94389774613015,53.446358726100144,133.45792330959762,124.99896122063468,129.8059743919271,54.108957318884194,92.0,49.23176771127827
A05,A05_F1,Control,0,A05_F1_C034,233.1067945957257,166.4459826616649,174.83009594679427,124.83448699624869,124.99896122063468,129.8059743919271,85.61109178560264,80.0,34.64551741914968
A05,A05_F1,Control,0,A05_F1_C035,102.27779344447346,243.17825153938892,76.7083450833551,182.3836886545417,124.99896122063468,129.8059743919271,86.719995609584,77.0,43.05616227593563
A05,A05_F1,Control,0,A05_F1_C036,179.81697094447722,230.40052926679908,134.8627282083579,172.8003969500993,124.99896122063468,129.8059743919271,85.92093311040838,79.0,39.916139077098485
A05,A05_F1,Control,0,A05_F1_C037,213.38998647674543,141.9445300146785,160.04248985755908,106.45839751100888,124.99896122063468,129.8059743919271,66.91546014650564,83.0,44.45109386381218
A05,A05_F1,Control,0,A05_F1_C038,84.81508391136754,41.15290725898571,63.61131293352565,30.86468044423928,124.99896122063468,129.8059743919271,73.00128113993806,75.0,47.40091621631196
A05,A05_F1,Control,0,A05_F1_C039,74.96746752680323,23.034459313254064,56.225600645102425,17.27584448494055,124.99896122063468,129.8059743919271,88.43421323958873,100.0,43.855501042682256
A05,A05_F1,Control,0,A05_F1_C040,97.39638542604293,194.37946112308083,73.0472890695322,145.78459584231064,124.99896122063468,129.8059743919271,52.6692132630819,116.0,45.46305261369282
A05,A05_F2,Control,0,A05_F2_C001,175.51719151100903,48.42825140155367,131.63789363325677,36.32118855116526,122.503534426609,130.85038044295823,73.49944589018287,78.0,30.154870760572607
A05,A05_F2,Control,0,A05_F2_C002,217.67351762292375,232.56978079239684,163.25513821719284,174.42733559429763,122.503534426609,130.85038044295823,104.47411730343968,87.0,39.14311811389356
A05,A05_F2,Control,0,A05_F2_C003,208.42995225836643,190.7173159184493,156.3224641937748,143.03798693883698,122.503534426609,130.85038044295823,78.54401361721472,89.0,38.93438167624704
A05,A05_F2,Control,0,A05_F2_C004,106.42861208982232,240.646377775958,79.82145906736673,180.4847833319685,122.503534426609,130.85038044295823,83.22487512244172,133.0,38.215825560580505
A05,A05_F2,Control,0,A05_F2_C005,109.07989725236963,191.0761730384853,81.80992293927724,143.307129778864,122.503534426609,130.85038044295823,46.2777357097244,69.0,43.84793203029807
A05,A05_F2,Control,0,A05_F2_C006,199.5700365279365,116.49911718278136,149.67752739595238,87.37433788708603,122.503534426609,130.85038044295823,58.79351608046981,60.0,30.83749305859198
A05,A05_F2,Control,0,A05_F2_C007,17.87367184132183,110.1233936930291,13.405253880991372,82.59254526977182,122.503534426609,130.85038044295823,79.99732226734619,62.0,40.72113301941253
A05,A05_F2,Control,0,A05_F2_C008,208.74149780223948,162.06354273283102,156.55612335167962,121.54765704962328,122.503534426609,130.85038044295823,68.78464147512996,107.0,40.21452250093952
A05,A05_F2,Control,0,A05_F2_C009,37.374889404574525,242.35599234103623,28.03116705343089,181.7669942557772,122.503534426609,130.85038044295823,105.21510383271712,96.0,32.41768523334871
A05,A05_F2,Control,0,A05_F2_C010,172.14190241758862,91.72992533337158,129.10642681319146,68.79744400002869,122.503534426609,130.85038044295823,47.40081635841166,126.0,35.72656576909909
A05,A05_F2,Control,0,A05_F2_C011,105.81571896562036,36.57923537463365,79.36178922421526,27.43442653097524,122.503534426609,130.85038044295823,71.8025886529248,126.0,33.63034553247754
A05,A05_F2,Control,0,A05_F2_C012,18.64446505491877,150.1809183294446,13.98334879118908,112.63568874708346,122.503534426609,130.85038044295823,79.23201052589557,44.0,32.86995217110845
A05,A05_F2,Control,0,A05_F2_C013,129.87629210390017,224.668671159667,97.40721907792512,168.50150336975025,122.503534426609,130.85038044295823,70.58065557349818,116.0,31.53488173976682
A05,A05_F2,Control,0,A05_F2_C014,169.75164186323946,76.15138021416844,127.3137313974296,57.11353516062633,122.503534426609,130.85038044295823,54.2098229920975,102.0,41.36717898100724
A05,A05_F2,Control,0,A05_F2_C015,176.59888492095197,134.5165020841702,132.449163690714,100.88737656312766,122.503534426609,130.85038044295823,40.664578057064745,77.0,41.94266352016018
A05,A05_F2,Control,0,A05_F2_C016,135.66700051701355,115.42482369579146,101.75025038776016,86.56861777184359,122.503534426609,130.85038044295823,15.209005893424695,74.0,33.73975993749164
A05,A05_F2,Control,0,A05_F2_C017,186.4881506448761,212.7771256872385,139.86611298365708,159.5828442654289,122.503534426609,130.85038044295823,77.9640158543836,78.0,30.50149384773907
A05,A05_F2,Control,0,A05_F2_C018,179.6166413893678,236.03111685379235,134.71248104202584,177.02333764034427,122.503534426609,130.85038044295823,89.7649878466627,83.0,31.422174416047632
A05,A05_F2,Control,0,A05_F2_C019,171.3018576379729,190.6870424814004,128.47639322847965,143.01528186105028,122.503534426609,130.85038044295823,57.90904627586874,62.0,35.199143460396215
A05,A05_F2,Control,0,A05_F2_C020,215.214854949497,95.19576276883636,161.41114121212274,71.39682207662727,122.503534426609,130.85038044295823,74.49822415302484,105.0,36.957851600897015
A05,A05_F2,Control,0,A05_F2_C021,237.0758413064367,35.28362529286151,177.80688097982753,26.462718969646133,122.503534426609,130.85038044295823,111.89793444897552,109.0,27.176948326068647
A05,A05_F2,Control,0,A05_F2_C022,44.710227838210656,92.1769760056238,33.532670878658,69.13273200421786,122.503534426609,130.85038044295823,65.15696281220238,105.0,26.086506833476008
A05,A05_F2,Control,0,A05_F2_C023,87.20738790239865,30.78234901894296,65.40554092679899,23.086761764207218,122.503534426609,130.85038044295823,79.58284200002932,108.0,39.12144231815934
A05,A05_F2,Control,0,A05_F2_C024,132.34708043192626,146.0810150231042,99.2603103239447,109.56076126732812,122.503534426609,130.85038044295823,13.601030864089443,140.0,49.96657380836187
A05,A05_F2,Control,0,A05_F2_C025,123.03974625260471,60.61932050923295,92.27980968945354,45.46449038192471,122.503534426609,130.85038044295823,52.67483016277298,57.0,41.03662126417361
A05,A05_F2,Control,0,A05_F2_C026,236.9929729487893,187.43246873749163,177.74472971159196,140.57435155311873,122.503534426609,130.85038044295823,95.78109098357118,154.0,41.84557396905582
A05,A05_F2,Control,0,A05_F2_C027,27.58242611705217,172.09905007180868,20.68681958778913,129.0742875538565,122.503534426609,130.85038044295823,77.62217222698919,106.0,28.357818544371156
A05,A05_F2,Control,0,A05_F2_C028,103.46477184032145,83.69316135783126,77.59857888024109,62.76987101837344,122.503534426609,130.85038044295823,38.141594858776855,91.0,47.91366370217486
A05,A05_F2,Control,0,A05_F2_C029,149.79438561459477,132.5819847483708,112.34578921094608,99.43648856127813,122.503534426609,130.85038044295823,20.509298361227792,48.0,36.41988025473601
A05,A05_F2,Control,0,A05_F2_C030,36.680410139949664,142.7165262090422,27.51030760496225,107.03739465678166,122.503534426609,130.85038044295823,64.97967311926666,92.0,34.392011110317746
A05,A05_F2,Control,0,A05_F2_C031,142.59781213812926,156.41325491804034,106.94835910359694,117.30994118853025,122.503534426609,130.85038044295823,24.38642672367733,101.0,52.290366680135634
A05,A05_F2,Control,0,A05_F2_C032,62.44681334218102,142.91226915731178,46.83511000663576,107.18420186798384,122.503534426609,130.85038044295823,45.94200839164796,100.0,41.91762021487888
A05,A05_F2,Control,0,A05_F2_C033,44.40764965658199,117.30688240228632,33.30573724243649,87.98016180171474,122.503534426609,130.85038044295823,59.44616367706118,100.0,37.58272877907991
A05,A05_F2,Control,0,A05_F2_C034,56.577731323912325,54.82505403299896,42.43329849293424,41.11879052474922,122.503534426609,130.85038044295823,75.47125112182097,83.0,44.20585995211764
A05,A05_F2,Control,0,A05_F2_C035,77.509132611844,217.2099468644316,58.131849458883,162.9074601483237,122.503534426609,130.85038044295823,73.03348468534853,156.0,43.42007695337485
A05,A05_F2,Control,0,A05_F2_C036,243.2145834457077,204.73348507489985,182.4109375842808,153.5501138061749,122.503534426609,130.85038044295823,106.14519376428188,93.0,30.96269507806077
A05,A05_F2,Control,0,A05_F2_C037,186.3474081211372,35.18440845282155,139.76055609085287,26.388306339616165,122.503534426609,130.85038044295823,86.25984206391477,69.0,30.236795770515904
A05,A05_F2,Control,0,A05_F2_C038,207.8812356694808,43.61471608430211,155.91092675211058,32.711037063226584,122.503534426609,130.85038044295823,91.54736378322104,155.0,39.77081990000493
A05,A05_F2,Control,0,A05_F2_C039,115.05510576426737,125.4388193943232,86.29132932320051,94.0791145457424,122.503534426609,130.85038044295823,6.905055859159775,75.0,49.1093018503677
A05,A05_F2,Control,0,A05_F2_C040,202.01386343013928,100.64471954097296,151.51039757260446,75.48353965572971,122.503534426609,130.85038044295823,63.79090321069404,44.0,33.803848530160835
A06,A06_F1,Control,0,A06_F1_C001,155.05613004629214,185.3021815227524,116.2920975347191,138.97663614206428,133.931803737973,136.1803884477349,40.103529654481925,98.0,39.98576023195256
A06,A06_F1,Control,0,A06_F1_C002,86.11862168640994,31.661312583873038,64.58896626480745,23.745984437904774,133.931803737973,136.1803884477349,86.20217455783259,85.0,31.47996431179402
A06,A06_F1,Control,0,A06_F1_C003,208.2795189490604,228.3082703454036,156.20963921179532,171.2312027590527,133.931803737973,136.1803884477349,88.78913377369783,110.0,39.100852652828266
A06,A06_F1,Control,0,A06_F1_C004,49.74816955543727,77.33001222419664,37.31112716657795,57.997509168147474,133.931803737973,136.1803884477349,77.03581123918886,131.0,31.245795601726044
A06,A06_F1,Control,0,A06_F1_C005,191.9179584386416,145.77571795262216,143.9384688289812,109.33178846446664,133.931803737973,136.1803884477349,44.08101941843498,75.0,40.95497927129362
A06,A06_F1,Control,0,A06_F1_C006,92.0089631761434,81.91672916783833,69.00672238210755,61.437546875878745,133.931803737973,136.1803884477349,51.428727084769726,110.0,42.64824265704345
A06,A06_F1,Control,0,A06_F1_C007,22.875741112831196,128.23447819381605,17.156805834623395,96.17585864536204,133.931803737973,136.1803884477349,83.50496947040966,91.0,33.78724777511854
A06,A06_F1,Control,0,A06_F1_C008,153.45706097374944,236.14136973274395,115.09279573031208,177.10602729955795,133.931803737973,136.1803884477349,76.38754031510409,96.0,48.67739921719101
A06,A06_F1,Control,0,A06_F1_C009,100.4036554449458,101.07643901434008,75.30274158370935,75.80732926075507,133.931803737973,136.1803884477349,36.4072588435621,92.0,47.16314209769005
A06,A06_F1,Control,0,A06_F1_C010,109.86838755004528,67.0403062068296,82.40129066253395,50.2802296551222,133.931803737973,136.1803884477349,54.90593702996355,99.0,48.38204271659392
A06,A06_F1,Control,0,A06_F1_C011,128.6952006207768,228.49939492348807,96.5214004655826,171.37454619261604,133.931803737973,136.1803884477349,69.35055367474304,62.0,32.27472462837108
A06,A06_F1,Control,0,A06_F1_C012,116.97306631274834,100.62741769115404,87.72979973456125,75.47056326836552,133.931803737973,136.1803884477349,29.542884657396883,100.0,39.34866300888932
A06,A06_F1,Control,0,A06_F1_C013,159.006983423293,93.73435798285458,119.25523756746976,70.30076848714093,133.931803737973,136.1803884477349,36.97454466106522,93.0,47.74895439221515
A06,A06_F1,Control,0,A06_F1_C014,25.33009755436121,178.31070899109508,18.99757316577091,133.7330317433213,133.931803737973,136.1803884477349,87.36548605416945,78.0,30.013080601650486
A06,A06_F1,Control,0,A06_F1_C015,180.1279953307965,101.69531395530444,135.09599649809738,76.27148546647834,133.931803737973,136.1803884477349,43.23610782946934,95.0,40.005724645004975
A06,A06_F1,Control,0,A06_F1_C016,199.19049678474195,117.56019269664723,149.39287258855646,88.17014452248543,133.931803737973,136.1803884477349,50.89737123112984,56.0,43.88275472767304
A06,A06_F1,Control,0,A06_F1_C017,137.1637864783354,145.94066218107557,102.87283985875156,109.45549663580668,133.931803737973,136.1803884477349,7.71110360962383,69.0,35.5083497266515
A06,A06_F1,Control,0,A06_F1_C018,241.6419274462629,48.45711780772156,181.2314455846972,36.34283835579117,133.931803737973,136.1803884477349,104.18480774845644,88.0,38.82066963492965
A06,A06_F1,Control,0,A06_F1_C019,172.89842516726364,76.139562871165,129.67381887544772,57.10467215337375,133.931803737973,136.1803884477349,53.6829144687626,127.0,54.6751559260645
A06,A06_F1,Control,0,A06_F1_C020,214.188862665779,130.56520269847363,160.64164699933426,97.92390202385522,133.931803737973,136.1803884477349,60.3399392860257,95.0,36.14576130131221
A06,A06_F1,Control,0,A06_F1_C021,147.11319880161378,44.955768057107015,110.33489910121034,33.71682604283026,133.931803737973,136.1803884477349,69.12901203146433,113.0,42.99767212481835
A06,A06_F1,Control,0,A06_F1_C022,78.0834574538392,220.08745831011424,58.5625930903794,165.06559373258565,133.931803737973,136.1803884477349,75.5955138384814,132.0,43.61705942936271
A06,A06_F1,Control,0,A06_F1_C023,21.1496884565114,16.95872828206351,15.862266342383547,12.719046211547631,133.931803737973,136.1803884477349,123.0859679299842,51.0,34.599545554353966
A06,A06_F1,Control,0,A06_F1_C024,230.0281087810488,240.95604327920475,172.52108158578662,180.71703245940355,133.931803737973,136.1803884477349,106.62783970270635,82.0,32.750233129891555
A06,A06_F1,Control,0,A06_F1_C025,153.6281801012032,162.30395748865993,115.2211350759024,121.72796811649496,133.931803737973,136.1803884477349,24.537589673170203,68.0,34.71434280611108
A06,A06_F1,Control,0,A06_F1_C026,55.781873142681135,114.32469874166712,41.83640485701085,85.74352405625034,133.931803737973,136.1803884477349,60.86139243251407,81.0,39.626817260227554
A06,A06_F1,Control,0,A06_F1_C027,34.66470322908603,157.1347583219342,25.99852742181452,117.85106874145065,133.931803737973,136.1803884477349,76.09097587033399,130.0,42.71851991002026
A06,A06_F1,Control,0,A06_F1_C028,50.75493539897387,200.3457369874651,38.0662015492304,150.25930274059883,133.931803737973,136.1803884477349,78.78778871880078,78.0,38.66578289962855
A06,A06_F1,Control,0,A06_F1_C029,164.84424019067876,112.38182793422,123.63318014300908,84.286370950665,133.931803737973,136.1803884477349,29.259135207681307,100.0,39.15930365875354
A06,A06_F1,Control,0,A06_F1_C030,94.55991671161009,128.13450878513748,70.91993753370757,96.10088158885311,133.931803737973,136.1803884477349,30.13919272315447,58.0,37.301970161692864
A06,A06_F1,Control,0,A06_F1_C031,144.6428571089944,93.20611551503458,108.4821428317458,69.90458663627594,133.931803737973,136.1803884477349,33.21674388175695,94.0,48.93196631378829
A06,A06_F1,Control,0,A06_F1_C032,15.401420338948093,147.26522708431872,11.55106525421107,110.44892031323904,133.931803737973,136.1803884477349,89.28568226725606,82.0,38.31153525873728
A06,A06_F1,Control,0,A06_F1_C033,42.13834854547798,52.73668295575466,31.60376140910849,39.552512216816,133.931803737973,136.1803884477349,93.0389749049022,84.0,31.428045858175626
A06,A06_F1,Control,0,A06_F1_C034,196.31479925207785,192.3529921929841,147.23609943905836,144.26474414473805,133.931803737973,136.1803884477349,62.9598065571909,129.0,26.886395922304224
A06,A06_F1,Control,0,A06_F1_C035,72.13490427960939,234.6376085236439,54.10117820970704,175.97820639273294,133.931803737973,136.1803884477349,87.18304333042911,44.0,40.39014969793289
A06,A06_F1,Control,0,A06_F1_C036,72.77055465231217,160.79245369567536,54.57791598923413,120.59434027175652,133.931803737973,136.1803884477349,49.44572106700952,94.0,44.82139114838812
A06,A06_F1,Control,0,A06_F1_C037,234.19413749840444,206.62455421578676,175.64560312380334,154.96841566184006,133.931803737973,136.1803884477349,91.90152493178644,62.0,39.02240931833824
A06,A06_F1,Control,0,A06_F1_C038,113.03057877953027,148.85574563672185,84.77293408464772,111.6418092275414,133.931803737973,136.1803884477349,18.33325694210948,113.0,41.28680379316917
A06,A06_F1,Control,0,A06_F1_C039,168.69278872227957,226.2285877911955,126.51959154170969,169.67144084339662,133.931803737973,136.1803884477349,72.3934728319434,76.0,38.10311679252795
A06,A06_F1,Control,0,A06_F1_C040,169.1128563487781,139.59508389541045,126.83464226158358,104.69631292155782,133.931803737973,136.1803884477349,26.509785304488872,106.0,46.5962055960324
A06,A06_F2,Control,0,A06_F2_C001,111.27972041133744,125.5178215094656,83.45979030850307,94.1383661320992,125.36348229201684,127.98568013342994,10.723758885344209,76.0,43.98674172994401
A06,A06_F2,Control,0,A06_F2_C002,24.27214320532864,171.21183482308592,18.20410740399648,128.40887611731443,125.36348229201684,127.98568013342994,82.45894190002402,120.0,40.72881711459392
A06,A06_F2,Control,0,A06_F2_C003,40.31526493246883,26.67483680513144,30.23644869935162,20.00612760384858,125.36348229201684,127.98568013342994,99.20741412167482,77.0,39.54942988265916
A06,A06_F2,Control,0,A06_F2_C004,166.48023659044134,132.78793085310423,124.860177442831,99.59094813982816,125.36348229201684,127.98568013342994,31.047183712964,116.0,47.36985553850603
A06,A06_F2,Control,0,A06_F2_C005,191.5947252818268,111.73442627873855,143.6960439613701,83.80081970905393,125.36348229201684,127.98568013342994,51.14692512655567,90.0,43.89049595334844
A06,A06_F2,Control,0,A06_F2_C006,63.92493575576378,135.62180132980674,47.94370181682284,101.71635099735504,125.36348229201684,127.98568013342994,46.433452466081626,79.0,51.52455284835079
A06,A06_F2,Control,0,A06_F2_C007,114.11085178926446,66.39134496650183,85.58313884194834,49.793508724876375,125.36348229201684,127.98568013342994,46.96032524974283,89.0,42.13234452785847
A06,A06_F2,Control,0,A06_F2_C008,117.7215220245748,165.64253487005965,88.2911415184311,124.23190115254474,125.36348229201684,127.98568013342994,28.818336598057613,54.0,45.98687745045807
A06,A06_F2,Control,0,A06_F2_C009,102.19892585335003,40.64201698409119,76.64919439001252,30.4815127380684,125.36348229201684,127.98568013342994,67.77241765004219,98.0,52.7676341483774
A06,A06_F2,Control,0,A06_F2_C010,38.05102391925571,232.95110365351775,28.538267939441784,174.71332774013834,125.36348229201684,127.98568013342994,102.39960012636126,75.0,35.24695558658043
A06,A06_F2,Control,0,A06_F2_C011,76.33915726122945,149.331591720525,57.25436794592208,111.99869379039376,125.36348229201684,127.98568013342994,40.10244029036396,97.0,44.00466095882549
A06,A06_F2,Control,0,A06_F2_C012,186.11025766750208,157.99171879707708,139.58269325062656,118.49378909780782,125.36348229201684,127.98568013342994,50.81510459083225,113.0,39.50097117749711
A06,A06_F2,Control,0,A06_F2_C013,148.9916941485583,84.39863235699491,111.74377061141874,63.29897426774618,125.36348229201684,127.98568013342994,37.18459708386116,84.0,44.62729593932295
A06,A06_F2,Control,0,A06_F2_C014,195.3758943622108,174.85537878103187,146.53192077165806,131.1415340857739,125.36348229201684,127.98568013342994,63.1894762088756,108.0,35.18726582573575
A06,A06_F2,Control,0,A06_F2_C015,222.6691825329871,106.3069220242279,167.0018868997403,79.73019151817093,125.36348229201684,127.98568013342994,74.76852223399464,146.0,39.54854394579534
A06,A06_F2,Control,0,A06_F2_C016,226.1874869320868,205.418843454549,169.64061519906508,154.06413259091175,125.36348229201684,127.98568013342994,95.34554664553804,94.0,30.281379049434666
A06,A06_F2,Control,0,A06_F2_C017,175.3497955040244,199.7027071278348,131.5123466280183,149.77703034587608,125.36348229201684,127.98568013342994,65.56374342243492,92.0,34.15258796359987
A06,A06_F2,Control,0,A06_F2_C018,119.98572583230523,136.906999106692,89.98929437422893,102.680249330019,125.36348229201684,127.98568013342994,7.812617082578269,110.0,54.73915483363668
A06,A06_F2,Control,0,A06_F2_C019,58.63508358334016,91.27767020674167,43.97631268750512,68.45825265505626,125.36348229201684,127.98568013342994,57.119072276154895,82.0,32.542098170708755
A06,A06_F2,Control,0,A06_F2_C020,58.40804291373652,226.387992176211,43.80603218530239,169.79099413215823,125.36348229201684,127.98568013342994,89.2658994589097,58.0,42.48730456179341
A06,A06_F2,Control,0,A06_F2_C021,213.3703272853601,239.8188346287362,160.0277454640201,179.86412597155214,125.36348229201684,127.98568013342994,106.73177036691104,98.0,34.94800644494327
A06,A06_F2,Control,0,A06_F2_C022,196.44600971933053,94.07333297945382,147.3345072894979,70.55499973459037,125.36348229201684,127.98568013342994,59.06826398039357,82.0,39.394047751390886
A06,A06_F2,Control,0,A06_F2_C023,61.91458798041844,119.2226124288818,46.43594098531383,89.41695932166135,125.36348229201684,127.98568013342994,48.03838433002685,119.0,35.82845487839099
A06,A06_F2,Control,0,A06_F2_C024,95.16729450790818,19.635395502997238,71.37547088093113,14.726546627247926,125.36348229201684,127.98568013342994,84.35947835961454,83.0,37.75004853403368
A06,A06_F2,Control,0,A06_F2_C025,18.620166384691142,94.5227905684698,13.965124788518356,70.89209292635235,125.36348229201684,127.98568013342994,83.89915979181148,48.0,50.17983574104312
A06,A06_F2,Control,0,A06_F2_C026,149.264281317582,136.9263004388182,111.9482109881865,102.69472532911364,125.36348229201684,127.98568013342994,19.138713987540736,85.0,36.24309610959341
A06,A06_F2,Control,0,A06_F2_C027,85.92353852016704,51.20146750162358,64.44265389012529,38.40110062621768,125.36348229201684,127.98568013342994,64.74079098022268,78.0,48.51630287542726
A06,A06_F2,Control,0,A06_F2_C028,164.67600057808713,110.01082541980708,123.50700043356534,82.50811906485532,125.36348229201684,127.98568013342994,32.42021501289371,142.0,41.87195807421577
A06,A06_F2,Control,0,A06_F2_C029,41.05400071994335,43.93060918796938,30.79050053995751,32.94795689097704,125.36348229201684,127.98568013342994,89.28888953538112,107.0,35.666074698301365
A06,A06_F2,Control,0,A06_F2_C030,175.12344733757575,216.608460468768,131.34258550318182,162.45634535157598,125.36348229201684,127.98568013342994,76.22764501860011,89.0,34.67421171792616
A06,A06_F2,Control,0,A06_F2_C031,159.90289284687103,179.8982104344464,119.92716963515328,134.92365782583482,125.36348229201684,127.98568013342994,46.76466023717626,98.0,39.978019492857065
A06,A06_F2,Control,0,A06_F2_C032,92.6231496069961,128.2678478138799,69.46736220524707,96.20088586040993,125.36348229201684,127.98568013342994,24.556161429379024,91.0,43.79720348756696
A06,A06_F2,Control,0,A06_F2_C033,73.39459461924582,81.8731267182298,55.04594596443437,61.40484503867235,125.36348229201684,127.98568013342994,52.10817823032497,100.0,39.5194876689699
A06,A06_F2,Control,0,A06_F2_C034,176.81275445167805,75.11430111046107,132.60956583875853,56.3357258328458,125.36348229201684,127.98568013342994,55.32952022312767,100.0,47.83207295299773
A06,A06_F2,Control,0,A06_F2_C035,242.6369521082419,156.26964094152447,181.97771408118143,117.20223070614335,125.36348229201684,127.98568013342994,90.47701450353908,85.0,35.1052098485057
A06,A06_F2,Control,0,A06_F2_C036,201.56082089961643,51.93637721189906,151.17061567471234,38.95228290892429,125.36348229201684,127.98568013342994,80.74101264675978,72.0,42.20215826004688
A06,A06_F2,Control,0,A06_F2_C037,166.0829531444105,54.10393572517187,124.56221485830788,40.5779517938789,125.36348229201684,127.98568013342994,63.26990159712348,60.0,38.4328966538105
A06,A06_F2,Control,0,A06_F2_C038,155.86992439376334,16.651511739416534,116.90244329532251,12.4886338045624,125.36348229201684,127.98568013342994,86.57852669514959,91.0,38.71200375166137
A06,A06_F2,Control,0,A06_F2_C039,140.0111889155939,193.72279781608083,105.00839168669542,145.2920983620606,125.36348229201684,127.98568013342994,50.51195128072271,76.0,44.11077807733845
A06,A06_F2,Control,0,A06_F2_C040,88.810555733343,110.58118005032853,66.60791680000725,82.9358850377464,125.36348229201684,127.98568013342994,30.36372997541467,115.0,45.77290008814071
A07,A07_F1,Control,0,A07_F1_C001,32.633235695673775,163.46537335040043,24.47492677175533,122.59903001280033,124.35324200101212,140.42307853476345,70.92758726475824,108.0,46.53084806384504
A07,A07_F1,Control,0,A07_F1_C002,57.19505078450778,126.84262288071471,42.89628808838084,95.13196716053604,124.35324200101212,140.42307853476345,51.38814479600165,80.0,42.77695188891818
A07,A07_F1,Control,0,A07_F1_C003,166.70696090496256,119.85289574515586,125.03022067872192,89.8896718088669,124.35324200101212,140.42307853476345,35.31353257334081,114.0,40.79339391668647
A07,A07_F1,Control,0,A07_F1_C004,159.15976706818276,61.436031167023614,119.36982530113708,46.077023375267714,124.35324200101212,140.42307853476345,64.73698254867845,78.0,44.28271437822662
A07,A07_F1,Control,0,A07_F1_C005,104.45626190577651,162.0343955415073,78.3421964293324,121.52579665613048,124.35324200101212,140.42307853476345,22.03186549790667,59.0,48.96740778591735
A07,A07_F1,Control,0,A07_F1_C006,126.72246025048968,168.3411644385224,95.04184518786728,126.2558733288918,124.35324200101212,140.42307853476345,21.013826461388916,104.0,53.55407668882251
A07,A07_F1,Control,0,A07_F1_C007,77.9802923276824,119.88721370790716,58.485219245761805,89.91541028093036,124.35324200101212,140.42307853476345,38.03744031405831,69.0,57.07843825057415
A07,A07_F1,Control,0,A07_F1_C008,74.75168769127391,13.475597159273324,56.06376576845544,10.106697869454994,124.35324200101212,140.42307853476345,102.2202875404697,100.0,33.43758309275728
A07,A07_F1,Control,0,A07_F1_C009,31.056828081675043,68.22394018220592,23.292621061256284,51.16795513665444,124.35324200101212,140.42307853476345,88.47754936336257,124.0,36.47045863430736
A07,A07_F1,Control,0,A07_F1_C010,84.7654396165655,143.46766428012532,63.57407971242412,107.600748210094,124.35324200101212,140.42307853476345,29.77852875806423,101.0,42.13911837171619
A07,A07_F1,Control,0,A07_F1_C011,48.11001462955357,227.54949649506156,36.08251097216517,170.66212237129616,124.35324200101212,140.42307853476345,86.83187125109806,154.0,44.45558045393976
A07,A07_F1,Control,0,A07_F1_C012,123.47508724486394,57.14773737269719,92.60631543364796,42.8608030295229,124.35324200101212,140.42307853476345,62.45997839262176,105.0,51.83468028777166
A07,A07_F1,Control,0,A07_F1_C013,216.2196833871198,109.64196827717764,162.16476254033984,82.23147620788325,124.35324200101212,140.42307853476345,72.66458826980791,76.0,41.13193624834605
A07,A07_F1,Control,0,A07_F1_C014,148.9045826228137,32.15475576503087,111.6784369671103,24.116066823773156,124.35324200101212,140.42307853476345,83.26283023327714,90.0,39.782262687989125
A07,A07_F1,Control,0,A07_F1_C015,231.33299190505448,79.17990312650879,173.49974392879085,59.38492734488159,124.35324200101212,140.42307853476345,92.4521973821334,93.0,35.00255885962633
A07,A07_F1,Control,0,A07_F1_C016,102.50549632250036,184.499677697372,76.87912224187527,138.374758273029,124.35324200101212,140.42307853476345,36.8956596911884,88.0,58.46330994456767
A07,A07_F1,Control,0,A07_F1_C017,175.40116258786233,157.94014887701027,131.55087194089674,118.4551116577577,124.35324200101212,140.42307853476345,40.47734053343093,69.0,38.72815568313759
A07,A07_F1,Control,0,A07_F1_C018,31.242520501631837,134.45265830045312,23.43189037622388,100.83949372533984,124.35324200101212,140.42307853476345,69.976456479655,76.0,44.118717272121295
A07,A07_F1,Control,0,A07_F1_C019,243.01439913308965,102.89161906719444,182.26079934981723,77.16871430039583,124.35324200101212,140.42307853476345,93.34135135190763,100.0,43.75989662219868
A07,A07_F1,Control,0,A07_F1_C020,54.40270000670279,64.88000872773425,40.80202500502709,48.66000654580069,124.35324200101212,140.42307853476345,77.21662041397965,103.0,45.065322632637326
A07,A07_F1,Control,0,A07_F1_C021,204.50853060481117,205.24657988950747,153.38139795360837,153.9349349171306,124.35324200101212,140.42307853476345,77.3153484000029,83.0,37.01649799415522
A07,A07_F1,Control,0,A07_F1_C022,216.7782397899732,36.47397101819429,162.58367984247988,27.35547826364572,124.35324200101212,140.42307853476345,104.3222694730212,109.0,35.396139440294895
A07,A07_F1,Control,0,A07_F1_C023,49.42259430480403,162.63831115266515,37.066945728603024,121.97873336449886,124.35324200101212,140.42307853476345,58.61583975341407,82.0,47.07404638619063
A07,A07_F1,Control,0,A07_F1_C024,94.64306472908258,50.87415425432338,70.98229854681193,38.155615690742536,124.35324200101212,140.42307853476345,70.76163343393668,68.0,48.255176069417416
A07,A07_F1,Control,0,A07_F1_C025,232.74987219530067,112.51958771935918,174.5624041464755,84.38969078951939,124.35324200101212,140.42307853476345,83.94786631239663,156.0,47.48064380951644
A07,A07_F1,Control,0,A07_F1_C026,132.28078026047018,217.7898254107481,99.21058519535264,163.3423690580611,124.35324200101212,140.42307853476345,58.32888138888119,127.0,47.45033384067839
A07,A07_F1,Control,0,A07_F1_C027,151.72068965677667,113.4785961798282,113.7905172425825,85.10894713487116,124.35324200101212,140.42307853476345,28.804123929024747,76.0,40.90699131296493
A07,A07_F1,Control,0,A07_F1_C028,99.40075825689397,12.383235196225488,74.55056869267048,9.287426397169115,124.35324200101212,140.42307853476345,97.83642322277667,88.0,33.3467009031238
A07,A07_F1,Control,0,A07_F1_C029,81.58926459727115,92.76594720092852,61.191948447953365,69.57446040069638,124.35324200101212,140.42307853476345,48.02319711167104,104.0,48.81857566119034
A07,A07_F1,Control,0,A07_F1_C030,67.16188055900037,233.2835867102619,50.37141041925028,174.9626900326964,124.35324200101212,140.42307853476345,81.79445741453993,93.0,48.65312479815768
A07,A07_F1,Control,0,A07_F1_C031,100.47739580049812,127.65764052209042,75.35804685037358,95.7432303915678,124.35324200101212,140.42307853476345,20.305651853323337,115.0,53.37429399004846
A07,A07_F1,Control,0,A07_F1_C032,209.02564235776805,145.86501580278798,156.76923176832605,109.39876185209098,124.35324200101212,140.42307853476345,63.635323607762686,77.0,31.61607799863745
A07,A07_F1,Control,0,A07_F1_C033,57.66018009703599,35.462993275609925,43.24513507277699,26.59724495670744,124.35324200101212,140.42307853476345,93.26751043156298,90.0,41.03401735149806
A07,A07_F1,Control,0,A07_F1_C034,167.16649396759615,104.94212425241903,125.37487047569712,78.70659318931429,124.35324200101212,140.42307853476345,41.7034575504989,140.0,36.88284760536646
A07,A07_F1,Control,0,A07_F1_C035,206.83156804867656,58.847817592776885,155.12367603650742,44.13586319458266,124.35324200101212,140.42307853476345,87.00387103040384,111.0,39.89422271269896
A07,A07_F1,Control,0,A07_F1_C036,147.7355609423421,167.92895106216164,110.80167070675655,125.94671329662124,124.35324200101212,140.42307853476345,27.075995783982727,60.0,45.34424808499104
A07,A07_F1,Control,0,A07_F1_C037,180.7038702909059,124.26705472979366,135.52790271817943,93.20029104734525,124.35324200101212,140.42307853476345,43.96567817959876,70.0,43.73756946143659
A07,A07_F1,Control,0,A07_F1_C038,222.82367980966697,231.01202009587297,167.11775985725023,173.25901507190474,124.35324200101212,140.42307853476345,100.3509625945712,89.0,36.9800621244808
A07,A07_F1,Control,0,A07_F1_C039,32.82180606079724,186.55590779446405,24.61635454559793,139.91693084584804,124.35324200101212,140.42307853476345,76.87496963700261,58.0,40.7731016814817
A07,A07_F1,Control,0,A07_F1_C040,72.39504331835646,205.6953153669003,54.29628248876735,154.27148652517522,124.35324200101212,140.42307853476345,62.570497142599066,106.0,44.45620734650541
A07,A07_F2,Control,0,A07_F2_C001,52.947209956599536,163.64583818978437,39.710407467449656,122.73437864233829,131.26355385719958,120.70485370108408,66.98712601936225,107.0,42.50184670005952
A07,A07_F2,Control,0,A07_F2_C002,152.8176937575402,110.7038674337429,114.61327031815516,83.02790057530717,131.26355385719958,120.70485370108408,17.82099544509759,110.0,49.27044816711624
A07,A07_F2,Control,0,A07_F2_C003,149.37383823121846,176.66784197460427,112.03037867341384,132.5008814809532,131.26355385719958,120.70485370108408,44.11529362752922,55.0,52.192376434398646
A07,A07_F2,Control,0,A07_F2_C004,43.24755068584737,61.30151394799279,32.435663014385526,45.97613546099459,131.26355385719958,120.70485370108408,79.63987784580901,109.0,39.18440647964215
A07,A07_F2,Control,0,A07_F2_C005,100.77036369471595,23.34083805674045,75.57777277103698,17.50562854255534,131.26355385719958,120.70485370108408,76.52053470233349,46.0,58.66265253729878
A07,A07_F2,Control,0,A07_F2_C006,67.19271875963312,228.5930020937832,50.39453906972484,171.44475157033736,131.26355385719958,120.70485370108408,94.10908572746229,131.0,51.71930842368321
A07,A07_F2,Control,0,A07_F2_C007,83.51422977808791,177.9733098055198,62.635672333565935,133.47998235413985,131.26355385719958,120.70485370108408,55.9224161961124,84.0,49.55998478864933
A07,A07_F2,Control,0,A07_F2_C008,155.98750078222167,138.52423786682238,116.99062558666624,103.89317840011678,131.26355385719958,120.70485370108408,22.85721444147513,128.0,56.02978210493417
A07,A07_F2,Control,0,A07_F2_C009,225.26482543567704,171.86437951419796,168.94861907675778,128.89828463564848,131.26355385719958,120.70485370108408,80.2658961118217,104.0,56.01462635147726
A07,A07_F2,Control,0,A07_F2_C010,181.93953024789383,180.6366667960986,136.45464768592038,135.47750009707397,131.26355385719958,120.70485370108408,58.863661984736815,73.0,45.67504179680957
A07,A07_F2,Control,0,A07_F2_C011,117.26314672020996,163.54079920502488,87.94736004015746,122.65559940376866,131.26355385719958,120.70485370108408,33.79937743968307,115.0,49.38309884486689
A07,A07_F2,Control,0,A07_F2_C012,202.606205960112,182.2045761856951,151.954654470084,136.65343213927133,131.26355385719958,120.70485370108408,70.64343072468428,98.0,47.85545123322694
A07,A07_F2,Control,0,A07_F2_C013,94.40040576986593,81.57002112595373,70.80030432739945,61.1775158444653,131.26355385719958,120.70485370108408,40.322017301600845,54.0,62.70755031467403
A07,A07_F2,Control,0,A07_F2_C014,101.99807482909615,39.101438218242926,76.49855612182212,29.3260786636822,131.26355385719958,120.70485370108408,65.0193582379923,105.0,48.96420501904277
A07,A07_F2,Control,0,A07_F2_C015,211.949404726882,221.71708688830657,158.96205354516152,166.28781516622993,131.26355385719958,120.70485370108408,96.96104245272625,78.0,40.75734900280582
A07,A07_F2,Control,0,A07_F2_C016,137.68616161885865,72.39162371700029,103.264621214144,54.29371778775021,131.26355385719958,120.70485370108408,36.553695724232064,80.0,40.859600512355726
A07,A07_F2,Control,0,A07_F2_C017,34.67307565347068,219.77920424788604,26.004806740103007,164.83440318591454,131.26355385719958,120.70485370108408,103.77530617368129,65.0,38.98408740030007
A07,A07_F2,Control,0,A07_F2_C018,137.50759817775122,231.21654603553048,103.1306986333134,173.41240952664785,131.26355385719958,120.70485370108408,83.0159623539741,102.0,41.03293476032614
A07,A07_F2,Control,0,A07_F2_C019,209.1392656806918,135.7993145058809,156.85444926051886,101.84948587941066,131.26355385719958,120.70485370108408,59.49381435863121,48.0,52.606842365522965
A07,A07_F2,Control,0,A07_F2_C020,169.82669381625513,68.50095479313859,127.37002036219135,51.37571609485394,131.26355385719958,120.70485370108408,48.67703862078756,46.0,45.08474741477264
A07,A07_F2,Control,0,A07_F2_C021,111.56770830760324,211.1787484082207,83.67578123070243,158.3840613061655,131.26355385719958,120.70485370108408,69.44470264107821,83.0,42.889848187638975
A07,A07_F2,Control,0,A07_F2_C022,19.22159406766061,151.61226514326236,14.416195550745458,113.70919885744678,131.26355385719958,120.70485370108408,87.17009934598806,77.0,40.32194049980594
A07,A07_F2,Control,0,A07_F2_C023,119.57863730733229,64.84621281861858,89.68397798049921,48.63465961396393,131.26355385719958,120.70485370108408,42.80079243142181,94.0,58.17528545235106
A07,A07_F2,Control,0,A07_F2_C024,106.67819184213884,129.37976539054586,80.00864388160412,97.0348240429094,131.26355385719958,120.70485370108408,19.5532079594436,83.0,58.25021509205013
A07,A07_F2,Control,0,A07_F2_C025,123.4213513719043,33.842469823868214,92.56601352892822,25.38185236790116,131.26355385719958,120.70485370108408,65.41175584990373,100.0,48.50954729345314
A07,A07_F2,Control,0,A07_F2_C026,17.713646513649767,192.56945822231916,13.285234885237326,144.42709366673935,131.26355385719958,120.70485370108408,100.7853305194078,69.0,42.65478835768984
A07,A07_F2,Control,0,A07_F2_C027,93.14124460268248,228.8781786707208,69.85593345201187,171.6586340030406,131.26355385719958,120.70485370108408,86.02071272408503,110.0,48.66770341973741
A07,A07_F2,Control,0,A07_F2_C028,204.53245276559227,105.07366878610353,153.3993395741942,78.80525158957764,131.26355385719958,120.70485370108408,56.18829359942961,75.0,50.15476754551204
A07,A07_F2,Control,0,A07_F2_C029,155.80213250151775,159.38146023229098,116.85159937613832,119.53609517421825,131.26355385719958,120.70485370108408,34.35312541447162,80.0,53.23515543220017
A07,A07_F2,Control,0,A07_F2_C030,19.30142547907291,107.9492017603843,14.476069109304683,80.96190132028822,131.26355385719958,120.70485370108408,84.51480034087652,90.0,43.64303084285476
A07,A07_F2,Control,0,A07_F2_C031,122.29651023276092,134.1438524977768,91.72238267457068,100.6078893733326,131.26355385719958,120.70485370108408,12.116958777321289,155.0,55.36002858021078
A07,A07_F2,Control,0,A07_F2_C032,36.11154429708559,145.72483916007846,27.08365822281419,109.29362937005884,131.26355385719958,120.70485370108408,73.78987962504871,95.0,49.41291919413369
A07,A07_F2,Control,0,A07_F2_C033,58.394107925721,74.45350685601093,43.79558094429075,55.8401301420082,131.26355385719958,120.70485370108408,64.73131444579946,52.0,52.74236322628097
A07,A07_F2,Control,0,A07_F2_C034,95.14636675989296,162.73117323001003,71.35977506991972,122.04837992250752,131.26355385719958,120.70485370108408,41.56017071121333,92.0,45.2714773981917
A07,A07_F2,Control,0,A07_F2_C035,16.746452459761386,23.65029340813482,12.55983934482104,17.737720056101118,131.26355385719958,120.70485370108408,112.58435384056476,133.0,43.360051212544725
A07,A07_F2,Control,0,A07_F2_C036,217.52502649154144,119.44891310551353,163.14376986865608,89.58668482913514,131.26355385719958,120.70485370108408,64.70296140364452,120.0,49.52797770922002
A07,A07_F2,Control,0,A07_F2_C037,221.59188536946704,143.3977178308027,166.1939140271003,107.54828837310204,131.26355385719958,120.70485370108408,69.85143252190666,72.0,37.57957566520246
A07,A07_F2,Control,0,A07_F2_C038,203.13302389798588,57.86193326547075,152.34976792348942,43.396449949103065,131.26355385719958,120.70485370108408,71.60223475710393,91.0,45.31845136057831
A07,A07_F2,Control,0,A07_F2_C039,189.14550139014432,226.0880488003912,141.85912604260824,169.5660366002934,131.26355385719958,120.70485370108408,90.17463575470752,93.0,38.755115082812
A07,A07_F2,Control,0,A07_F2_C040,71.48175613073992,205.7781887909425,53.61131709805494,154.33364159320683,131.26355385719958,120.70485370108408,77.98317973466618,122.0,53.46675593452333
A08,A08_F1,Stimulation,1,A08_F1_C001,109.9185375794796,64.57958005865973,82.4389031846097,48.4346850439948,135.62371684497123,131.2049038756035,53.55908544136855,73.0,49.71557976997502
A08,A08_F1,Stimulation,1,A08_F1_C002,13.797085493860717,41.91772881503312,10.347814120395537,31.43829661127484,135.62371684497123,131.2049038756035,113.28210075677968,119.0,32.10222721714503
A08,A08_F1,Stimulation,1,A08_F1_C003,92.95558496324888,181.38864256174045,69.71668872243666,136.04148192130535,135.62371684497123,131.2049038756035,49.40318433635552,81.0,48.9644991431762
A08,A08_F1,Stimulation,1,A08_F1_C004,84.18357119981322,105.15186549226188,63.13767839985991,78.86389911919642,135.62371684497123,131.2049038756035,43.2461302726834,63.0,47.994255730763086
A08,A08_F1,Stimulation,1,A08_F1_C005,20.90020313874807,18.8388140163667,15.675152354061051,14.129110512275028,135.62371684497123,131.2049038756035,120.43893803661578,135.0,40.49054066713348
A08,A08_F1,Stimulation,1,A08_F1_C006,152.85641343918425,184.2688426595119,114.64231007938818,138.20163199463394,135.62371684497123,131.2049038756035,41.84400112361928,102.0,42.19954421579915
A08,A08_F1,Stimulation,1,A08_F1_C007,113.35503652069818,144.50695132212192,85.01627739052364,108.38021349159143,135.62371684497123,131.2049038756035,19.454349299846225,48.0,58.778109673331485
A08,A08_F1,Stimulation,1,A08_F1_C008,37.36049704456013,104.02732172544675,28.0203727834201,78.02049129408508,135.62371684497123,131.2049038756035,76.46426127350762,106.0,41.15255323879392
A08,A08_F1,Stimulation,1,A08_F1_C009,54.216154191597326,172.25893811707482,40.662115643698,129.1942035878061,135.62371684497123,131.2049038756035,68.38019855099047,88.0,43.25024873730768
A08,A08_F1,Stimulation,1,A08_F1_C010,240.43433741390527,120.66940572264096,180.32575306042892,90.50205429198073,135.62371684497123,131.2049038756035,79.00410042696566,121.0,42.891671704759005
A08,A08_F1,Stimulation,1,A08_F1_C011,213.5277786557329,75.57234970853827,160.1458339917997,56.6792622814037,135.62371684497123,131.2049038756035,71.79668140306774,47.0,48.47629064981291
A08,A08_F1,Stimulation,1,A08_F1_C012,21.796859112267025,235.7098565710328,16.347644334200268,176.78239242827462,135.62371684497123,131.2049038756035,115.8934176605214,45.0,33.71904124063519
A08,A08_F1,Stimulation,1,A08_F1_C013,15.868801074982624,58.82290845008603,11.901600806236967,44.11718133756453,135.62371684497123,131.2049038756035,104.94746841149572,67.0,27.577443068251277
A08,A08_F1,Stimulation,1,A08_F1_C014,126.7990043984958,40.057693880069394,95.09925329887186,30.043270410052045,135.62371684497123,131.2049038756035,68.68005758478799,77.0,37.09793042257876
A08,A08_F1,Stimulation,1,A08_F1_C015,151.4530082520894,75.39688291306113,113.58975618906706,56.547662184795854,135.62371684497123,131.2049038756035,43.507122284649625,78.0,42.590469164979
A08,A08_F1,Stimulation,1,A08_F1_C016,135.20593821134315,80.39520627557415,101.40445365850736,60.29640470668062,135.62371684497123,131.2049038756035,38.10856135989842,113.0,44.59317613284555
A08,A08_F1,Stimulation,1,A08_F1_C017,223.5950460673132,16.7457020555991,167.69628455048488,12.559276541699326,135.62371684497123,131.2049038756035,108.2701403948024,111.0,41.87832150001766
A08,A08_F1,Stimulation,1,A08_F1_C018,104.27355668864564,240.9814937914836,78.20516751648424,180.7361203436127,135.62371684497123,131.2049038756035,85.6240292348179,127.0,41.16298736584399
A08,A08_F1,Stimulation,1,A08_F1_C019,180.52921037149483,55.51604383895152,135.3969077786211,41.63703287921364,135.62371684497123,131.2049038756035,66.00556886665743,76.0,31.708001551310794
A08,A08_F1,Stimulation,1,A08_F1_C020,147.16841677682652,129.78590893647242,110.37631258261987,97.33943170235432,135.62371684497123,131.2049038756035,8.723684673006343,127.0,53.33069254369175
A08,A08_F1,Stimulation,1,A08_F1_C021,239.15255014698727,138.61846885975754,179.36441261024044,103.96385164481816,135.62371684497123,131.2049038756035,77.84544882163074,98.0,46.26958555988085
A08,A08_F1,Stimulation,1,A08_F1_C022,139.68457818769326,229.85216119943155,104.76343364076996,172.38912089957367,135.62371684497123,131.2049038756035,74.04810419215052,84.0,40.53456996062018
A08,A08_F1,Stimulation,1,A08_F1_C023,196.9381563699484,199.7938400981849,147.70361727746126,149.8453800736387,135.62371684497123,131.2049038756035,68.99960325867225,78.0,36.50789661879861
A08,A08_F1,Stimulation,1,A08_F1_C024,214.44880161864015,38.79988726622571,160.83660121398017,29.09991544966928,135.62371684497123,131.2049038756035,91.09360905045676,83.0,40.57652153939013
A08,A08_F1,Stimulation,1,A08_F1_C025,228.50656528086327,202.2673710456783,171.37992396064746,151.70052828425872,135.62371684497123,131.2049038756035,87.71184354349106,50.0,40.65389130629287
A08,A08_F1,Stimulation,1,A08_F1_C026,144.25238417076238,109.93901059348256,108.18928812807178,82.45425794511192,135.62371684497123,131.2049038756035,17.212330340760793,72.0,59.66322713051687
A08,A08_F1,Stimulation,1,A08_F1_C027,239.22175640334143,61.86856176781024,179.4163173025061,46.40142132585768,135.62371684497123,131.2049038756035,93.4948993378246,101.0,37.533656294832966
A08,A08_F1,Stimulation,1,A08_F1_C028,51.65349490649762,91.95963675689936,38.74012117987321,68.96972756767452,135.62371684497123,131.2049038756035,69.51650095145332,93.0,33.612763520255584
A08,A08_F1,Stimulation,1,A08_F1_C029,166.1242207815064,158.99283566214422,124.5931655861298,119.24462674660816,135.62371684497123,131.2049038756035,30.9455661608052,148.0,50.716355347878256
A08,A08_F1,Stimulation,1,A08_F1_C030,106.03961068839024,12.739290312440962,79.52970801629269,9.55446773433072,135.62371684497123,131.2049038756035,91.57779766604992,88.0,31.016316337063238
A08,A08_F1,Stimulation,1,A08_F1_C031,113.6663003172738,193.02359088355257,85.24972523795535,144.76769316266444,135.62371684497123,131.2049038756035,49.20181896765743,98.0,52.25365660638519
A08,A08_F1,Stimulation,1,A08_F1_C032,23.137648238202267,83.98343877573966,17.3532361786517,62.98757908180474,135.62371684497123,131.2049038756035,91.49687206779925,105.0,40.14074842445278
A08,A08_F1,Stimulation,1,A08_F1_C033,132.70437128879917,124.9218645313218,99.52827846659936,93.69139839849134,135.62371684497123,131.2049038756035,5.196107057831858,75.0,51.481324473938
A08,A08_F1,Stimulation,1,A08_F1_C034,102.40477932812604,171.0261722630508,76.80358449609453,128.2696291972881,135.62371684497123,131.2049038756035,38.89334858912139,93.0,46.97886727637832
A08,A08_F1,Stimulation,1,A08_F1_C035,160.4881661151092,209.71170275154532,120.3661245863319,157.28377706365902,135.62371684497123,131.2049038756035,61.76266305650084,100.0,32.008569198204825
A08,A08_F1,Stimulation,1,A08_F1_C036,83.65909739584801,227.4515008561167,62.74432304688601,170.58862564208752,135.62371684497123,131.2049038756035,82.03412473758777,115.0,37.02281805710759
A08,A08_F1,Stimulation,1,A08_F1_C037,133.67304823592968,213.23191737270332,100.25478617694726,159.9239380295275,135.62371684497123,131.2049038756035,61.53765334201965,89.0,45.99930293323332
A08,A08_F1,Stimulation,1,A08_F1_C038,37.23244896288564,131.74753704651724,27.92433672216423,98.81065278488794,135.62371684497123,131.2049038756035,73.79457314727762,46.0,42.24011113436215
A08,A08_F1,Stimulation,1,A08_F1_C039,233.4680939459523,219.6901412267535,175.1010704594642,164.76760592006514,135.62371684497123,131.2049038756035,98.9407759199648,73.0,34.634312872688454
A08,A08_F1,Stimulation,1,A08_F1_C040,200.8358333291066,149.13139041823953,150.62687499682994,111.84854281367964,135.62371684497123,131.2049038756035,50.72339912760541,93.0,42.31377903386273
A08,A08_F2,Stimulation,1,A08_F2_C001,133.2521779992332,72.67085129940118,99.9391334994249,54.50313847455088,129.16895938997223,128.9058404314608,42.28727652323813,116.0,48.195411642458446
A08,A08_F2,Stimulation,1,A08_F2_C002,122.34252230982982,109.29257518116712,91.75689173237237,81.96943138587534,129.16895938997223,128.9058404314608,15.57546899953516,118.0,49.87596836086138
A08,A08_F2,Stimulation,1,A08_F2_C003,234.39436117904424,39.89160612975159,175.79577088428317,29.91870459731369,129.16895938997223,128.9058404314608,103.36926278212523,63.0,40.21076715475
A08,A08_F2,Stimulation,1,A08_F2_C004,117.30295809858346,23.06980878861058,87.97721857393759,17.302356591457936,129.16895938997223,128.9058404314608,79.87435767542308,97.0,45.76331612767356
A08,A08_F2,Stimulation,1,A08_F2_C005,104.90864996314971,144.35888769992334,78.68148747236228,108.26916577494252,129.16895938997223,128.9058404314608,21.572890323126902,76.0,55.43088355398524
A08,A08_F2,Stimulation,1,A08_F2_C006,194.1859823248724,109.0978808152013,145.6394867436543,81.82341061140097,129.16895938997223,128.9058404314608,50.97555591855418,61.0,36.6421928572092
A08,A08_F2,Stimulation,1,A08_F2_C007,152.36465481805638,125.95190806705664,114.27349111354228,94.46393105029247,129.16895938997223,128.9058404314608,17.53727106987655,104.0,51.88477399253801
A08,A08_F2,Stimulation,1,A08_F2_C008,101.8377557065932,64.1481451677586,76.3783167799449,48.11110887581895,129.16895938997223,128.9058404314608,52.71680478974413,43.0,53.91375457417365
A08,A08_F2,Stimulation,1,A08_F2_C009,75.72012482414436,193.8111786862447,56.79009361810827,145.3583840146835,129.16895938997223,128.9058404314608,63.060153649966594,97.0,45.25338774168435
A08,A08_F2,Stimulation,1,A08_F2_C010,73.48131956448722,103.27344511549224,55.11098967336542,77.45508383661918,129.16895938997223,128.9058404314608,45.97770945707229,76.0,54.27214283950006
A08,A08_F2,Stimulation,1,A08_F2_C011,146.54250149348044,202.41138302988745,109.90687612011033,151.80853727241555,129.16895938997223,128.9058404314608,56.64811494061571,71.0,43.73928745466705
A08,A08_F2,Stimulation,1,A08_F2_C012,34.00262106476949,111.36953635040364,25.50196579857712,83.52715226280273,129.16895938997223,128.9058404314608,72.57641886291833,82.0,39.42679035345164
A08,A08_F2,Stimulation,1,A08_F2_C013,85.85490276317717,70.38768791496236,64.39117707238287,52.79076593622177,129.16895938997223,128.9058404314608,54.6033052334749,107.0,52.84179342045212
A08,A08_F2,Stimulation,1,A08_F2_C014,40.275665646113424,26.099255954423768,30.206749234585068,19.574441965817822,129.16895938997223,128.9058404314608,101.93162639736596,86.0,37.3362912758277
A08,A08_F2,Stimulation,1,A08_F2_C015,62.38572825701228,120.04324174110144,46.78929619275921,90.0324313058261,129.16895938997223,128.9058404314608,50.52654657760512,89.0,49.293544824617285
A08,A08_F2,Stimulation,1,A08_F2_C016,49.52578650319987,241.57082582206164,37.1443398773999,181.17811936654624,129.16895938997223,128.9058404314608,103.47943795895802,90.0,50.55788441545124
A08,A08_F2,Stimulation,1,A08_F2_C017,170.24534021542289,35.126357593782686,127.68400516156716,26.34476819533701,129.16895938997223,128.9058404314608,76.78571814112729,44.0,34.41051049049749
A08,A08_F2,Stimulation,1,A08_F2_C018,194.13180447838005,159.15293583092992,145.59885335878505,119.36470187319745,129.16895938997223,128.9058404314608,53.74448936796074,92.0,45.99552685472104
A08,A08_F2,Stimulation,1,A08_F2_C019,53.6039826801296,107.04555596960854,40.2029870100972,80.28416697720641,129.16895938997223,128.9058404314608,58.99758452534806,79.0,49.3695197353331
A08,A08_F2,Stimulation,1,A08_F2_C020,67.24687363924335,136.7780555723323,50.43515522943251,102.58354167924924,129.16895938997223,128.9058404314608,46.81536091024444,78.0,48.39228797787851
A08,A08_F2,Stimulation,1,A08_F2_C021,159.37171092194194,100.01272508578629,119.52878319145644,75.00954381433971,129.16895938997223,128.9058404314608,31.348011131413067,99.0,47.410966004694366
A08,A08_F2,Stimulation,1,A08_F2_C022,180.2348858406281,140.48220468610486,135.17616438047108,105.36165351457863,129.16895938997223,128.9058404314608,39.271227924031706,49.0,49.84766476312484
A08,A08_F2,Stimulation,1,A08_F2_C023,163.8949910108189,148.70893253910958,122.92124325811416,111.5316994043322,129.16895938997223,128.9058404314608,29.981804442866448,72.0,46.01873690823621
A08,A08_F2,Stimulation,1,A08_F2_C024,177.428997855698,91.50430035340652,133.0717483917735,68.6282252650549,129.16895938997223,128.9058404314608,45.79243838800837,48.0,50.64211167730799
A08,A08_F2,Stimulation,1,A08_F2_C025,168.08670061630588,220.69717497021009,126.0650254622294,165.52288122765754,129.16895938997223,128.9058404314608,74.77556298144805,54.0,35.34696691158272
A08,A08_F2,Stimulation,1,A08_F2_C026,208.43218904818715,216.3088212516103,156.32414178614033,162.23161593870773,129.16895938997223,128.9058404314608,88.4934551566121,137.0,37.23596322463085
A08,A08_F2,Stimulation,1,A08_F2_C027,12.120490293041753,240.42288862319103,9.090367719781314,180.3171664673933,129.16895938997223,128.9058404314608,121.2506611832452,69.0,24.541956225376403
A08,A08_F2,Stimulation,1,A08_F2_C028,211.42443405225924,47.79142186818785,158.56832553919443,35.84356640114088,129.16895938997223,128.9058404314608,86.64208276617944,87.0,36.82324492706304
A08,A08_F2,Stimulation,1,A08_F2_C029,44.757982022599535,212.85291315984605,33.56848651694965,159.63968486988452,129.16895938997223,128.9058404314608,89.28567812015652,88.0,41.34511678210498
A08,A08_F2,Stimulation,1,A08_F2_C030,213.83762365353945,199.7742261803052,160.37821774015458,149.8306696352289,129.16895938997223,128.9058404314608,82.81002251441741,82.0,38.3545227801881
A08,A08_F2,Stimulation,1,A08_F2_C031,115.5331751976081,47.224093076858864,86.64988139820608,35.418069807644144,129.16895938997223,128.9058404314608,62.10906845671559,130.0,39.03191415774555
A08,A08_F2,Stimulation,1,A08_F2_C032,180.6342034247168,228.47799494669496,135.47565256853755,171.35849621002123,129.16895938997223,128.9058404314608,84.06454651235757,85.0,40.61756206295639
A08,A08_F2,Stimulation,1,A08_F2_C033,102.8652133661675,18.663502758790656,77.14891002462562,13.997627069092992,129.16895938997223,128.9058404314608,85.00269871957694,58.0,37.64153102446327
A08,A08_F2,Stimulation,1,A08_F2_C034,145.12281885834446,158.3262484955308,108.84211414375837,118.7446863716481,129.16895938997223,128.9058404314608,25.10076490783782,78.0,59.210616817973815
A08,A08_F2,Stimulation,1,A08_F2_C035,129.267861015883,227.67345040473077,96.95089576191224,170.7550878035481,129.16895938997223,128.9058404314608,74.07574461837703,93.0,35.26844899848812
A08,A08_F2,Stimulation,1,A08_F2_C036,134.24626491939614,209.1340833240152,100.6846986895471,156.8505624930114,129.16895938997223,128.9058404314608,60.29155719376908,100.0,49.91195999587828
A08,A08_F2,Stimulation,1,A08_F2_C037,156.73464771471154,68.28414712707982,117.55098578603366,51.213110345309865,129.16895938997223,128.9058404314608,49.94604078851239,123.0,45.1357273524153
A08,A08_F2,Stimulation,1,A08_F2_C038,161.9898911246725,51.25545147918443,121.49241834350438,38.44158860938832,129.16895938997223,128.9058404314608,63.22636326098619,97.0,44.29976203989684
A08,A08_F2,Stimulation,1,A08_F2_C039,134.5356450203052,50.36893546334596,100.9017337652289,37.776701597509465,129.16895938997223,128.9058404314608,59.04003980860664,64.0,48.934937192645215
A08,A08_F2,Stimulation,1,A08_F2_C040,126.35529426068078,243.20306269025824,94.76647069551058,182.40229701769368,129.16895938997223,128.9058404314608,85.74888685422928,55.0,42.3112086065826
A09,A09_F1,Stimulation,1,A09_F1_C001,61.79779999530933,103.48780575575115,46.348349996482,77.61585431681337,122.69335008937983,125.47419182451996,48.5573261353395,122.0,49.34252240840224
A09,A09_F1,Stimulation,1,A09_F1_C002,139.50293541746976,170.31386384853235,104.62720156310232,127.73539788639926,122.69335008937983,125.47419182451996,35.915199702833014,52.0,45.47056766138069
A09,A09_F1,Stimulation,1,A09_F1_C003,152.59933259415348,53.189021491574906,114.44949944561512,39.891766118681176,122.69335008937983,125.47419182451996,58.670490216946135,92.0,51.434262059965576
A09,A09_F1,Stimulation,1,A09_F1_C004,157.27799159928148,130.90315635524507,117.95849369946112,98.1773672664338,122.69335008937983,125.47419182451996,26.25611804679834,78.0,56.07421265400525
A09,A09_F1,Stimulation,1,A09_F1_C005,51.27755756314339,226.1548467264313,38.458168172357546,169.61613504482344,122.69335008937983,125.47419182451996,92.57810460722268,62.0,40.267418861796976
A09,A09_F1,Stimulation,1,A09_F1_C006,186.72285697626177,142.6496378707485,140.04214273219634,106.9872284030614,122.69335008937983,125.47419182451996,49.71981703228196,62.0,43.46515310041672
A09,A09_F1,Stimulation,1,A09_F1_C007,85.66232766738602,134.04358648847267,64.24674575053952,100.5326898663545,122.69335008937983,125.47419182451996,28.507214348655573,82.0,67.96609282949684
A09,A09_F1,Stimulation,1,A09_F1_C008,201.029276571274,148.23387418176932,150.7719574284555,111.175405636327,122.69335008937983,125.47419182451996,61.18143339129554,87.0,45.19320807757707
A09,A09_F1,Stimulation,1,A09_F1_C009,107.71109683671114,129.60749606370922,80.78332262753335,97.20562204778192,122.69335008937983,125.47419182451996,11.656460247828283,74.0,54.91884395644768
A09,A09_F1,Stimulation,1,A09_F1_C010,158.64634062231764,165.29597188396428,118.98475546673822,123.9719789129732,122.69335008937983,125.47419182451996,40.23798365527781,105.0,48.44735045145083
A09,A09_F1,Stimulation,1,A09_F1_C011,132.99031402975993,71.61685282241953,99.74273552231996,53.71263961681465,122.69335008937983,125.47419182451996,41.12463060395641,90.0,54.176564106345865
A09,A09_F1,Stimulation,1,A09_F1_C012,78.78438393392211,151.83009855705404,59.08828795044158,113.87257391779052,122.69335008937983,125.47419182451996,38.40872309516462,67.0,52.68953199083895
A09,A09_F1,Stimulation,1,A09_F1_C013,142.50625177453443,29.74530497359859,106.87968883090082,22.30897873019894,122.69335008937983,125.47419182451996,73.31828628406718,88.0,47.00081800946824
A09,A09_F1,Stimulation,1,A09_F1_C014,227.4599139159126,86.65698994580296,170.59493543693446,64.99274245935223,122.69335008937983,125.47419182451996,83.7948657882034,73.0,36.83528868618381
A09,A09_F1,Stimulation,1,A09_F1_C015,12.029600516494554,207.33367431948844,9.022200387370916,155.50025573961634,122.69335008937983,125.47419182451996,103.23727618176152,126.0,33.70543865015824
A09,A09_F1,Stimulation,1,A09_F1_C016,74.68928833864155,34.59223325115392,56.01696625398116,25.944174938365443,122.69335008937983,125.47419182451996,77.08570029855466,51.0,43.75857497872792
A09,A09_F1,Stimulation,1,A09_F1_C017,163.9192122401011,83.07993192035477,122.93940918007584,62.30994894026608,122.69335008937983,125.47419182451996,44.35059529337629,45.0,43.36081732756823
A09,A09_F1,Stimulation,1,A09_F1_C018,175.70761188216312,242.41624932894467,131.78070891162236,181.8121869967085,122.69335008937983,125.47419182451996,96.29823820468415,102.0,35.17152193055944
A09,A09_F1,Stimulation,1,A09_F1_C019,170.5674031422457,30.538596478188506,127.92555235668428,22.90394735864138,122.69335008937983,125.47419182451996,79.7426446354298,120.0,41.9250167887505
A09,A09_F1,Stimulation,1,A09_F1_C020,228.6851715567076,220.210040597325,171.5138786675307,165.15753044799374,122.69335008937983,125.47419182451996,106.61916025801573,87.0,31.864188547314797
A09,A09_F1,Stimulation,1,A09_F1_C021,175.7853918828393,206.2419425383816,131.83904391212943,154.68145690378617,122.69335008937983,125.47419182451996,72.491271075633,64.0,43.29429109482496
A09,A09_F1,Stimulation,1,A09_F1_C022,214.3140516046302,63.23939670877236,160.73553870347266,47.42954753157928,122.69335008937983,125.47419182451996,83.06913687676486,46.0,49.42876385699067
A09,A09_F1,Stimulation,1,A09_F1_C023,124.30120947960911,228.90887209381947,93.22590710970684,171.6816540703646,122.69335008937983,125.47419182451996,77.58538226048074,66.0,44.44918473213547
A09,A09_F1,Stimulation,1,A09_F1_C024,113.84995110297072,203.10183914606785,85.38746332722803,152.32637935955088,122.69335008937983,125.47419182451996,58.59731009654101,72.0,44.933346513099046
A09,A09_F1,Stimulation,1,A09_F1_C025,126.32968054424585,182.99399521086377,94.74726040818436,137.24549640814783,122.69335008937983,125.47419182451996,43.22597318672083,43.0,56.37954619949996
A09,A09_F1,Stimulation,1,A09_F1_C026,86.71615651790746,14.83708296709255,65.0371173884306,11.127812225319412,122.69335008937983,125.47419182451996,87.25478311476859,155.0,39.286391292231386
A09,A09_F1,Stimulation,1,A09_F1_C027,226.16348476662452,174.56737944163436,169.6226135749684,130.92553458122578,122.69335008937983,125.47419182451996,85.89451691057876,58.0,43.38174203710315
A09,A09_F1,Stimulation,1,A09_F1_C028,206.95567444714771,39.34060527670707,155.2167558353608,29.505453957530307,122.69335008937983,125.47419182451996,90.37152702174416,127.0,44.68131270095146
A09,A09_F1,Stimulation,1,A09_F1_C029,240.1778252030713,37.37358896483788,180.13336890230352,28.03019172362841,122.69335008937983,125.47419182451996,110.13595662089968,75.0,37.94859132530563
A09,A09_F1,Stimulation,1,A09_F1_C030,228.51872544908147,191.91155990566853,171.3890440868111,143.93366992925138,122.69335008937983,125.47419182451996,93.7137948517139,44.0,40.68028766399073
A09,A09_F1,Stimulation,1,A09_F1_C031,39.64466037964501,159.33802328193832,29.73349528473376,119.50351746145374,122.69335008937983,125.47419182451996,67.26560947622227,116.0,41.3144890366899
A09,A09_F1,Stimulation,1,A09_F1_C032,101.51576837361424,37.7477712904378,76.13682628021067,28.310828467828347,122.69335008937983,125.47419182451996,67.68480878465965,90.0,34.60786240088311
A09,A09_F1,Stimulation,1,A09_F1_C033,107.73532489515016,74.80043732956604,80.80149367136264,56.10032799717453,122.69335008937983,125.47419182451996,39.62649619488727,78.0,50.95601077942821
A09,A09_F1,Stimulation,1,A09_F1_C034,102.04536783842158,171.05872004130387,76.53402587881618,128.2940400309779,122.69335008937983,125.47419182451996,37.53214909751031,69.0,52.03659095971905
A09,A09_F1,Stimulation,1,A09_F1_C035,88.10850883371307,212.2286946286576,66.0813816252848,159.1715209714932,122.69335008937983,125.47419182451996,70.04556330224243,112.0,43.51232112429363
A09,A09_F1,Stimulation,1,A09_F1_C036,122.61324769799958,116.92118408103244,91.9599357734997,87.69088806077434,122.69335008937983,125.47419182451996,6.41503712323318,77.0,49.930804771583446
A09,A09_F1,Stimulation,1,A09_F1_C037,63.51103065991452,174.81712860393873,47.633272994935886,131.11284645295405,122.69335008937983,125.47419182451996,57.7902733422875,70.0,43.27670248615705
A09,A09_F1,Stimulation,1,A09_F1_C038,74.85725037640131,124.46544228390636,56.14293778230098,93.34908171292976,122.69335008937983,125.47419182451996,35.885050946103775,79.0,52.81975549268677
A09,A09_F1,Stimulation,1,A09_F1_C039,197.3510516398354,170.4519465277492,148.01328872987654,127.83895989581188,122.69335008937983,125.47419182451996,65.36959220963654,48.0,42.4065141079361
A09,A09_F1,Stimulation,1,A09_F1_C040,173.81588115551585,97.5922956033394,130.36191086663686,73.19422170250456,122.69335008937983,125.47419182451996,43.6736618823852,109.0,45.47572496853576
A09,A09_F2,Stimulation,1,A09_F2_C001,182.86015520656613,163.93301944013865,137.1451164049246,122.949764580104,125.73775572155952,126.664148384637,51.153833833647454,150.0,44.03140601148869
A09,A09_F2,Stimulation,1,A09_F2_C002,68.2456839864309,211.2015920282847,51.18426298982318,158.40119402121348,125.73775572155952,126.664148384637,76.67596560029449,97.0,42.866707391982594
A09,A09_F2,Stimulation,1,A09_F2_C003,55.17960021890278,226.62018041571912,41.38470016417708,169.96513531178934,125.73775572155952,126.664148384637,91.76292648246562,97.0,42.73928022193821
A09,A09_F2,Stimulation,1,A09_F2_C004,154.50119302756872,93.42903449424108,115.87589477067654,70.07177587068081,125.73775572155952,126.664148384637,32.96510758426892,76.0,51.664952429266734
A09,A09_F2,Stimulation,1,A09_F2_C005,31.73752513515215,74.51305712587558,23.803143851364112,55.88479284440668,125.73775572155952,126.664148384637,80.62335929648303,116.0,41.24550209623895
A09,A09_F2,Stimulation,1,A09_F2_C006,207.3737731278437,125.19788979259772,155.53032984588276,93.8984173444483,125.73775572155952,126.664148384637,61.23688801998796,63.0,47.27971141139963
A09,A09_F2,Stimulation,1,A09_F2_C007,77.50267259088972,126.99968473266092,58.12700444316729,95.2497635494957,125.73775572155952,126.664148384637,36.177187618175935,90.0,53.67836717600414
A09,A09_F2,Stimulation,1,A09_F2_C008,236.19793768962364,184.8955199858847,177.14845326721775,138.6716399894135,125.73775572155952,126.664148384637,93.65198207687062,87.0,44.632002462598656
A09,A09_F2,Stimulation,1,A09_F2_C009,126.63348999784526,123.67990144619355,94.97511749838397,92.75992608464516,125.73775572155952,126.664148384637,2.3368331555480637,61.0,57.4776790579457
A09,A09_F2,Stimulation,1,A09_F2_C010,37.44171960545118,193.76682227750453,28.081289704088388,145.3251167081284,125.73775572155952,126.664148384637,83.17550328090397,87.0,32.52191845958346
A09,A09_F2,Stimulation,1,A09_F2_C011,155.868747233667,237.25210061362296,116.90156042525024,177.93907546021725,125.73775572155952,126.664148384637,85.96443539675602,100.0,38.90041603214343
A09,A09_F2,Stimulation,1,A09_F2_C012,217.84290696871489,149.38913093859114,163.38218022653615,112.04184820394336,125.73775572155952,126.664148384637,71.15039242032066,104.0,41.53894230788206
A09,A09_F2,Stimulation,1,A09_F2_C013,125.73084113182588,23.209730982705292,94.29813084886942,17.40729823702897,125.73775572155952,126.664148384637,77.59081322475537,52.0,35.88310180656093
A09,A09_F2,Stimulation,1,A09_F2_C014,47.98048761537951,36.04734549584643,35.985365711534634,27.03550912188482,125.73775572155952,126.664148384637,89.55388719302631,45.0,35.459685054939314
A09,A09_F2,Stimulation,1,A09_F2_C015,41.93817554313646,118.91119977127066,31.453631657352343,89.18339982845299,125.73775572155952,126.664148384637,63.11809400467759,100.0,51.04376145145122
A09,A09_F2,Stimulation,1,A09_F2_C016,112.62741427863394,137.06967613368988,84.47056070897546,102.8022571002674,125.73775572155952,126.664148384637,12.553397310035267,64.0,54.0598394102402
A09,A09_F2,Stimulation,1,A09_F2_C017,102.8186669991026,55.05918996633818,77.11400024932695,41.29439247475364,125.73775572155952,126.664148384637,56.38760517701751,88.0,48.7484196132476
A09,A09_F2,Stimulation,1,A09_F2_C018,35.467914762334544,221.966583218455,26.60093607175091,166.47493741384125,125.73775572155952,126.664148384637,98.4507441720608,127.0,39.3840368461125
A09,A09_F2,Stimulation,1,A09_F2_C019,89.69108861352316,14.613458996503384,67.26831646014237,10.960094247377535,125.73775572155952,126.664148384637,88.27955341470013,52.0,46.40164584019296
A09,A09_F2,Stimulation,1,A09_F2_C020,26.53610006310455,239.25623550018088,19.90207504732841,179.44217662513566,125.73775572155952,126.664148384637,112.54485747295276,98.0,46.58173871414723
A09,A09_F2,Stimulation,1,A09_F2_C021,127.70827337833532,78.66803127028135,95.78120503375148,59.00102345271101,125.73775572155952,126.664148384637,36.02741298391362,70.0,47.449391807334855
A09,A09_F2,Stimulation,1,A09_F2_C022,217.80998656766351,164.00282870525686,163.35748992574764,123.00212152894264,125.73775572155952,126.664148384637,74.5164640656569,140.0,39.27519100106266
A09,A09_F2,Stimulation,1,A09_F2_C023,222.38667792682352,198.4626255655656,166.79000844511765,148.84696917417418,125.73775572155952,126.664148384637,90.29961219478446,71.0,37.92947901679965
A09,A09_F2,Stimulation,1,A09_F2_C024,66.08213063036766,108.3738206954463,49.56159797277574,81.28036552158473,125.73775572155952,126.664148384637,46.797413942966266,123.0,52.16741901907394
A09,A09_F2,Stimulation,1,A09_F2_C025,237.2450586570212,236.77276436133616,177.93379399276586,177.57957327100212,125.73775572155952,126.664148384637,117.53193004514912,94.0,39.58707818139223
A09,A09_F2,Stimulation,1,A09_F2_C026,49.568152915645015,184.6568184094271,37.17611468673376,138.4926138070703,125.73775572155952,126.664148384637,71.80034101326343,73.0,43.42323203375179
A09,A09_F2,Stimulation,1,A09_F2_C027,48.03444940062201,203.7855873698551,36.02583705046651,152.83919052739134,125.73775572155952,126.664148384637,82.10880033498445,85.0,35.23197907943774
A09,A09_F2,Stimulation,1,A09_F2_C028,203.53033364555927,85.62500317962723,152.64775023416945,64.21875238472042,125.73775572155952,126.664148384637,65.96545950958684,78.0,45.916788783100586
A09,A09_F2,Stimulation,1,A09_F2_C029,222.30763011433356,65.06674501206766,166.73072258575016,48.80005875905074,125.73775572155952,126.664148384637,85.90686333259137,97.0,43.87731103107857
A09,A09_F2,Stimulation,1,A09_F2_C030,81.39005873723727,106.34675967583374,61.04254405292795,79.76006975687531,125.73775572155952,126.664148384637,36.585200735595286,48.0,48.801713840348114
A09,A09_F2,Stimulation,1,A09_F2_C031,95.17502056365042,167.56932214407604,71.38126542273781,125.67699160805702,125.73775572155952,126.664148384637,38.29639848079837,105.0,57.59454553903267
A09,A09_F2,Stimulation,1,A09_F2_C032,16.77417242652892,42.67945266009894,12.58062931989669,32.0095894950742,125.73775572155952,126.664148384637,103.180189596867,54.0,34.026834778230786
A09,A09_F2,Stimulation,1,A09_F2_C033,126.8424555196518,230.01195777893503,95.13184163973884,172.50896833420126,125.73775572155952,126.664148384637,77.5152850306782,121.0,46.09651548130458
A09,A09_F2,Stimulation,1,A09_F2_C034,206.69950441921557,37.10345475725168,155.02462831441164,27.827591067938755,125.73775572155952,126.664148384637,90.54808921120556,78.0,33.027501116485155
A09,A09_F2,Stimulation,1,A09_F2_C035,74.9843145686196,88.9959825791621,56.2382359264647,66.74698693437158,125.73775572155952,126.664148384637,47.40333752498548,109.0,56.008716574974095
A09,A09_F2,Stimulation,1,A09_F2_C036,206.70917660569552,234.6733461122292,155.03188245427162,176.00500958417192,125.73775572155952,126.664148384637,101.24266027217296,83.0,39.680665637304834
A09,A09_F2,Stimulation,1,A09_F2_C037,17.253605194023162,155.37441428957882,12.94020389551737,116.53081071718412,125.73775572155952,126.664148384637,84.1642042958743,80.0,33.14202719191874
A09,A09_F2,Stimulation,1,A09_F2_C038,208.54510908927503,21.480827582729244,156.40883181695628,16.110620687046932,125.73775572155952,126.664148384637,100.40085243666532,67.0,38.314347482645886
A09,A09_F2,Stimulation,1,A09_F2_C039,145.594401914015,16.60302935594245,109.19580143551126,12.452272016956837,125.73775572155952,126.664148384637,83.87849354823747,118.0,53.75930233091912
A09,A09_F2,Stimulation,1,A09_F2_C040,239.2373074629143,215.4561958288406,179.42798059718572,161.59214687163046,125.73775572155952,126.664148384637,108.07855459496798,128.0,44.03003947217081
A10,A10_F1,Stimulation,1,A10_F1_C001,76.6621967187468,13.929987273504196,57.4966475390601,10.447490455128149,126.28562078717432,121.66614308177684,88.961393087667,44.0,36.12941891067902
A10,A10_F1,Stimulation,1,A10_F1_C002,174.35116919169127,110.9758726537578,130.76337689376845,83.23190449031836,126.28562078717432,121.66614308177684,36.930009331216894,45.0,50.694245403355886
A10,A10_F1,Stimulation,1,A10_F1_C003,220.4683041137909,85.50429627503068,165.3512280853432,64.12822220627301,126.28562078717432,121.66614308177684,75.66476765463854,150.0,40.42007255333726
A10,A10_F1,Stimulation,1,A10_F1_C004,20.53878748032672,217.60190809379503,15.404090610245042,163.20143107034627,126.28562078717432,121.66614308177684,107.08483023571966,85.0,39.314742834626415
A10,A10_F1,Stimulation,1,A10_F1_C005,224.6275132560924,34.941053322194065,168.4706349420693,26.20578999164555,126.28562078717432,121.66614308177684,98.33975578116394,55.0,35.260182146970095
A10,A10_F1,Stimulation,1,A10_F1_C006,18.403174916147584,192.5405908736191,13.802381187110688,144.40544315521433,126.28562078717432,121.66614308177684,96.81047376582708,115.0,39.106450281183626
A10,A10_F1,Stimulation,1,A10_F1_C007,146.2976397633139,82.50269298497301,109.72322982248542,61.87701973872976,126.28562078717432,121.66614308177684,32.985139213435886,84.0,40.39434925125294
A10,A10_F1,Stimulation,1,A10_F1_C008,99.17520917261378,231.71606152080835,74.38140687946033,173.78704614060626,126.28562078717432,121.66614308177684,85.00501113799685,65.0,27.33577271788869
A10,A10_F1,Stimulation,1,A10_F1_C009,47.58142433454255,74.36553386576588,35.686068250906914,55.77415039932441,126.28562078717432,121.66614308177684,68.86820907680395,78.0,45.35322297963954
A10,A10_F1,Stimulation,1,A10_F1_C010,200.82824957340543,53.73438608089438,150.6211871800541,40.30078956067079,126.28562078717432,121.66614308177684,75.63974816535747,96.0,44.36040729855904
A10,A10_F1,Stimulation,1,A10_F1_C011,27.965965665972178,177.19949487556775,20.974474249479133,132.8996211566758,126.28562078717432,121.66614308177684,84.68927385649467,45.0,43.47298480343088
A10,A10_F1,Stimulation,1,A10_F1_C012,200.74171050563427,31.794825656257693,150.5562828792257,23.846119242193268,126.28562078717432,121.66614308177684,87.53037577309092,85.0,38.49874493966377
A10,A10_F1,Stimulation,1,A10_F1_C013,47.319940351694754,239.88897158670605,35.489955263771066,179.91672869002954,126.28562078717432,121.66614308177684,106.62725460602746,140.0,36.2416595186149
A10,A10_F1,Stimulation,1,A10_F1_C014,195.18388236835293,171.56979402178803,146.38791177626473,128.677345516341,126.28562078717432,121.66614308177684,63.8044392237224,100.0,36.5717244717658
A10,A10_F1,Stimulation,1,A10_F1_C015,127.19611393117026,213.2464473556692,95.3970854483777,159.9348355167519,126.28562078717432,121.66614308177684,68.68862267416259,129.0,44.13842192066192
A10,A10_F1,Stimulation,1,A10_F1_C016,145.0874727760327,39.88058428361607,108.81560458202452,29.91043821271205,126.28562078717432,121.66614308177684,62.93919952782068,98.0,43.52925932236569
A10,A10_F1,Stimulation,1,A10_F1_C017,136.86438391963432,181.8966592525383,102.64828793972576,136.42249443940375,126.28562078717432,121.66614308177684,45.8643569183096,67.0,52.629140683732246
A10,A10_F1,Stimulation,1,A10_F1_C018,125.81263157978502,23.336135004769407,94.35947368483876,17.502101253577056,126.28562078717432,121.66614308177684,73.74835924655031,112.0,42.31721261789952
A10,A10_F1,Stimulation,1,A10_F1_C019,116.34658090325811,163.7621056584605,87.2599356774436,122.82157924384538,126.28562078717432,121.66614308177684,32.44003237864894,87.0,62.83611376013846
A10,A10_F1,Stimulation,1,A10_F1_C020,90.56596492281534,34.188338487631746,67.9244736921115,25.64125386572381,126.28562078717432,121.66614308177684,70.8671031778484,79.0,50.32489125875803
A10,A10_F1,Stimulation,1,A10_F1_C021,125.6809926043089,94.89158471226062,94.26074445323168,71.16868853419547,126.28562078717432,121.66614308177684,20.086038310383834,64.0,50.03004678409206
A10,A10_F1,Stimulation,1,A10_F1_C022,162.64461260161625,154.07349518079474,121.98345945121218,115.55512138559604,126.28562078717432,121.66614308177684,36.52902510546526,98.0,47.32008456795373
A10,A10_F1,Stimulation,1,A10_F1_C023,109.58310494606263,112.67187724260825,82.18732870954699,84.50390793195618,126.28562078717432,121.66614308177684,14.227696758158867,76.0,47.60962163013185
A10,A10_F1,Stimulation,1,A10_F1_C024,190.85643765641908,216.87897966290623,143.1423282423143,162.6592347471797,126.28562078717432,121.66614308177684,86.28219390786752,63.0,42.18678672922902
A10,A10_F1,Stimulation,1,A10_F1_C025,98.430818865044,69.61531283578881,73.82311414878299,52.21148462684161,126.28562078717432,121.66614308177684,44.276552961725685,48.0,50.81959397541323
A10,A10_F1,Stimulation,1,A10_F1_C026,186.41845080602533,55.53776844756353,139.813838104519,41.653326335672645,126.28562078717432,121.66614308177684,67.03556546740231,92.0,49.22657733683921
A10,A10_F1,Stimulation,1,A10_F1_C027,87.63598699535879,179.66337991143024,65.7269902465191,134.7475349335727,126.28562078717432,121.66614308177684,52.27168392701204,121.0,46.63799897517605
A10,A10_F1,Stimulation,1,A10_F1_C028,14.407337247246954,170.94959430353242,10.805502935435214,128.21219572764932,126.28562078717432,121.66614308177684,91.68917603427484,61.0,38.43037709758807
A10,A10_F1,Stimulation,1,A10_F1_C029,43.92482549643694,38.11638564284357,32.9436191223277,28.58728923213268,126.28562078717432,121.66614308177684,87.98961697312856,98.0,37.75705707808638
A10,A10_F1,Stimulation,1,A10_F1_C030,79.90019134999747,136.82595140205825,59.9251435124981,102.61946355154367,126.28562078717432,121.66614308177684,36.59990665238341,52.0,51.714101212368085
A10,A10_F1,Stimulation,1,A10_F1_C031,115.92767999775234,178.62440515779446,86.94575999831426,133.96830386834586,126.28562078717432,121.66614308177684,43.41930374633017,97.0,50.09238272533093
A10,A10_F1,Stimulation,1,A10_F1_C032,28.55733826940145,153.0798362597216,21.418003702051088,114.8098771947912,126.28562078717432,121.66614308177684,76.9897460325745,79.0,45.13466769156531
A10,A10_F1,Stimulation,1,A10_F1_C033,160.63504493465567,43.92652935056872,120.47628370099176,32.94489701292653,126.28562078717432,121.66614308177684,63.74263405537005,74.0,37.59803194071869
A10,A10_F1,Stimulation,1,A10_F1_C034,149.88848763121428,118.97856111140426,112.4163657234107,89.2339208335532,126.28562078717432,121.66614308177684,17.816540385524792,150.0,62.47310518152968
A10,A10_F1,Stimulation,1,A10_F1_C035,176.94528363409665,86.58704900044273,132.70896272557246,64.94028675033205,126.28562078717432,121.66614308177684,46.21451242032798,76.0,54.29260655525408
A10,A10_F1,Stimulation,1,A10_F1_C036,39.53828174694766,14.07855626225356,29.653711310210745,10.558917196690173,126.28562078717432,121.66614308177684,103.65257685348335,44.0,38.410872013948186
A10,A10_F1,Stimulation,1,A10_F1_C037,41.52331588446947,101.8395743395483,31.1424869133521,76.37968075466122,126.28562078717432,121.66614308177684,65.28766654419918,70.0,49.383139083326725
A10,A10_F1,Stimulation,1,A10_F1_C038,157.7302049044172,209.0372769220257,118.29765367831293,156.77795769151928,126.28562078717432,121.66614308177684,69.64296989356384,101.0,46.41119013317422
A10,A10_F1,Stimulation,1,A10_F1_C039,211.44885409529837,139.18464559203565,158.58664057147377,104.38848419402674,126.28562078717432,121.66614308177684,65.20979035930073,132.0,44.770285602134585
A10,A10_F1,Stimulation,1,A10_F1_C040,101.0006201209262,54.8422357264002,75.75046509069465,41.13167679480015,126.28562078717432,121.66614308177684,53.58573310382457,65.0,43.52833607727332
A10,A10_F2,Stimulation,1,A10_F2_C001,55.89820275934717,158.8388517294569,41.92365206951038,119.12913879709268,130.46624567014896,128.8461125364868,60.28039526382226,50.0,31.342012844438315
A10,A10_F2,Stimulation,1,A10_F2_C002,145.9724216630693,237.60922305667796,109.47931624730197,178.20691729250845,130.46624567014896,128.8461125364868,82.39717127105934,104.0,45.46592300684263
A10,A10_F2,Stimulation,1,A10_F2_C003,215.87687402253567,234.169380965254,161.90765551690174,175.62703572394048,130.46624567014896,128.8461125364868,101.70167672309076,97.0,34.79552885899361
A10,A10_F2,Stimulation,1,A10_F2_C004,41.88041565075567,95.53756812288728,31.410311738066756,71.65317609216547,130.46624567014896,128.8461125364868,70.98070851497175,85.0,39.36409979171686
A10,A10_F2,Stimulation,1,A10_F2_C005,161.22916780089213,37.22582975329836,120.9218758506691,27.919372314973767,130.46624567014896,128.8461125364868,72.4852150259116,52.0,41.46760728519993
A10,A10_F2,Stimulation,1,A10_F2_C006,92.01424149161328,237.0676340445424,69.01068111870995,177.8007255334068,130.46624567014896,128.8461125364868,86.13727745791233,76.0,38.31920881939545
A10,A10_F2,Stimulation,1,A10_F2_C007,162.7650057142401,109.26361463351674,122.07375428568008,81.94771097513755,130.46624567014896,128.8461125364868,28.32860427261468,79.0,43.132547827500126
A10,A10_F2,Stimulation,1,A10_F2_C008,122.56039537099502,72.61092268360977,91.92029652824628,54.45819201270733,130.46624567014896,128.8461125364868,42.59114595537713,83.0,45.40284485814012
A10,A10_F2,Stimulation,1,A10_F2_C009,235.89393217810328,242.0512019269966,176.92044913357745,181.53840144524747,130.46624567014896,128.8461125364868,116.02087746311958,121.0,30.21983130556046
A10,A10_F2,Stimulation,1,A10_F2_C010,175.79248742942085,163.05992383400832,131.84436557206564,122.29494287550624,130.46624567014896,128.8461125364868,42.59216306999839,74.0,34.02293246901233
A10,A10_F2,Stimulation,1,A10_F2_C011,52.30643184504793,210.2428477816268,39.22982388378595,157.68213583622008,130.46624567014896,128.8461125364868,84.63504927469351,97.0,42.257003365383376
A10,A10_F2,Stimulation,1,A10_F2_C012,72.98746954544066,192.6977241190264,54.740602159080495,144.52329308926983,130.46624567014896,128.8461125364868,64.43385273787403,65.0,43.37109045137899
A10,A10_F2,Stimulation,1,A10_F2_C013,236.52684379295388,160.32194148078275,177.39513284471542,120.24145611058708,130.46624567014896,128.8461125364868,82.97447067362022,87.0,35.33586994320455
A10,A10_F2,Stimulation,1,A10_F2_C014,168.295873092009,225.26778007125776,126.22190481900677,168.9508350534433,130.46624567014896,128.8461125364868,77.68283599417403,154.0,37.11752153109884
A10,A10_F2,Stimulation,1,A10_F2_C015,240.63662537935176,20.699331989100383,180.47746903451383,15.52449899182529,130.46624567014896,128.8461125364868,115.78513191800316,131.0,31.12245683641745
A10,A10_F2,Stimulation,1,A10_F2_C016,210.4860283975126,128.80563501198924,157.86452129813443,96.60422625899191,130.46624567014896,128.8461125364868,60.01484472376411,113.0,51.53820246411264
A10,A10_F2,Stimulation,1,A10_F2_C017,174.81786134838282,195.0248725819705,131.1133960112871,146.26865443647787,130.46624567014896,128.8461125364868,59.74960609171788,70.0,42.744314625142565
A10,A10_F2,Stimulation,1,A10_F2_C018,103.42572042370304,217.08060752622737,77.56929031777727,162.81045564467053,130.46624567014896,128.8461125364868,69.21372922210055,94.0,40.46206500045487
A10,A10_F2,Stimulation,1,A10_F2_C019,121.40782080273776,27.28121048120858,91.0558656020533,20.460907860906435,130.46624567014896,128.8461125364868,76.4760418019882,92.0,41.96211755505928
A10,A10_F2,Stimulation,1,A10_F2_C020,126.23052186337527,200.57679078218428,94.67289139753146,150.4325930866382,130.46624567014896,128.8461125364868,53.891722474209466,87.0,44.94650548349637
A10,A10_F2,Stimulation,1,A10_F2_C021,229.26102311232717,114.09418520178536,171.94576733424535,85.57063890133901,130.46624567014896,128.8461125364868,74.91755747546785,66.0,43.88177501132673
A10,A10_F2,Stimulation,1,A10_F2_C022,107.5842864779751,180.8989645636092,80.68821485848133,135.67422342270686,130.46624567014896,128.8461125364868,42.64515736404623,73.0,53.306353601890535
A10,A10_F2,Stimulation,1,A10_F2_C023,71.73102068197666,98.37283077629328,53.7982655114825,73.77962308221996,130.46624567014896,128.8461125364868,49.62737903669346,50.0,45.7197171365296
A10,A10_F2,Stimulation,1,A10_F2_C024,117.57120700439886,127.21740523652072,88.17840525329915,95.41305392739056,130.46624567014896,128.8461125364868,9.74811644287429,118.0,55.90194819812943
A10,A10_F2,Stimulation,1,A10_F2_C025,92.70566115825083,103.94966911234792,69.52924586868812,77.96225183426094,130.46624567014896,128.8461125364868,33.92201694757398,76.0,53.11514513451556
A10,A10_F2,Stimulation,1,A10_F2_C026,17.29060575619468,170.67385100276258,12.96795431714601,128.00538825207192,130.46624567014896,128.8461125364868,90.49328931481116,47.0,42.19513001677421
A10,A10_F2,Stimulation,1,A10_F2_C027,195.5813981620748,80.76021466538184,146.6860486215561,60.570160999036375,130.46624567014896,128.8461125364868,60.70941541631632,128.0,48.0840204041545
A10,A10_F2,Stimulation,1,A10_F2_C028,232.10690780844917,99.5539400186882,174.08018085633685,74.66545501401615,130.46624567014896,128.8461125364868,79.33304014427134,77.0,35.14160786484904
A10,A10_F2,Stimulation,1,A10_F2_C029,181.943808090784,101.73076086733964,136.457856068088,76.29807065050473,130.46624567014896,128.8461125364868,43.63673592872115,107.0,45.61683830543203
A10,A10_F2,Stimulation,1,A10_F2_C030,123.87513796434249,234.7717268661453,92.90635347325686,176.078795149609,130.46624567014896,128.8461125364868,79.5978588936073,70.0,41.25742126790089
A10,A10_F2,Stimulation,1,A10_F2_C031,128.3500053591982,158.24983649341488,96.26250401939863,118.68737737006116,130.46624567014896,128.8461125364868,22.109835340155,101.0,53.40593916573002
A10,A10_F2,Stimulation,1,A10_F2_C032,92.74098612464032,77.82410884765929,69.55573959348024,58.36808163574447,130.46624567014896,128.8461125364868,47.59067701096277,118.0,59.65020296996753
A10,A10_F2,Stimulation,1,A10_F2_C033,209.60510508141547,97.33390639143882,157.2038288110616,73.00042979357912,130.46624567014896,128.8461125364868,63.88652236847272,63.0,40.237611449427135
A10,A10_F2,Stimulation,1,A10_F2_C034,147.21704689526896,44.929333843942736,110.41278517145172,33.69700038295705,130.46624567014896,128.8461125364868,64.17920992733553,45.0,38.78103131194033
A10,A10_F2,Stimulation,1,A10_F2_C035,90.8469845538233,126.50363174787702,68.13523841536748,94.87772381090775,130.46624567014896,128.8461125364868,29.76633754011967,104.0,59.96162758730074
A10,A10_F2,Stimulation,1,A10_F2_C036,37.80433601232258,23.47240584410091,28.35325200924193,17.604304383075682,130.46624567014896,128.8461125364868,105.24038794343446,156.0,39.21358731836196
A10,A10_F2,Stimulation,1,A10_F2_C037,54.77873971317948,31.41267242088129,41.08405478488461,23.559504315660966,130.46624567014896,128.8461125364868,92.53271863803371,83.0,39.75132694986552
A10,A10_F2,Stimulation,1,A10_F2_C038,57.97930212857943,14.391206033356791,43.48447659643457,10.793404525017593,130.46624567014896,128.8461125364868,101.60848373159789,52.0,32.56520473244139
A10,A10_F2,Stimulation,1,A10_F2_C039,226.794319298662,193.53862583648728,170.09573947399647,145.15396937736546,130.46624567014896,128.8461125364868,87.02656613588559,50.0,44.5859191529203
A10,A10_F2,Stimulation,1,A10_F2_C040,203.6084010219508,147.75478942032817,152.7063007664631,110.81609206524612,130.46624567014896,128.8461125364868,56.66007002237207,55.0,44.26598267506552
A11,A11_F1,Stimulation,1,A11_F1_C001,184.78795410939176,70.3038267260618,138.59096558204382,52.72787004454635,127.06695132110843,134.86256166586267,64.949932534228,85.0,57.51292825939211
A11,A11_F1,Stimulation,1,A11_F1_C002,178.8686301966339,117.19462140697688,134.15147264747543,87.89596605523266,127.06695132110843,134.86256166586267,41.04885079529599,102.0,54.67157103470268
A11,A11_F1,Stimulation,1,A11_F1_C003,126.03377594807196,187.49856399993052,94.52533196105396,140.62392299994792,127.06695132110843,134.86256166586267,39.48460596989908,104.0,53.78781147758061
A11,A11_F1,Stimulation,1,A11_F1_C004,44.200655775632754,149.93270447478332,33.150491831724565,112.44952835608748,127.06695132110843,134.86256166586267,63.169112940682126,94.0,53.33733754980064
A11,A11_F1,Stimulation,1,A11_F1_C005,228.2405203180826,134.83080540815592,171.18039023856193,101.12310405611694,127.06695132110843,134.86256166586267,75.88018048558882,94.0,48.90049411942665
A11,A11_F1,Stimulation,1,A11_F1_C006,105.82922474350694,102.4105890763546,79.37191855763021,76.80794180726596,127.06695132110843,134.86256166586267,29.08773796230154,99.0,60.24628816418517
A11,A11_F1,Stimulation,1,A11_F1_C007,171.60845977701024,145.8444976749667,128.70634483275768,109.38337325622504,127.06695132110843,134.86256166586267,34.40652195289166,120.0,54.65353960628269
A11,A11_F1,Stimulation,1,A11_F1_C008,150.4887084959034,68.66697303850859,112.86653137192756,51.50022977888144,127.06695132110843,134.86256166586267,52.66279044893352,114.0,55.65857295583626
A11,A11_F1,Stimulation,1,A11_F1_C009,167.62191665464587,14.626805371038609,125.7164374909844,10.970104028278955,127.06695132110843,134.86256166586267,95.16829853768752,88.0,47.707610452022855
A11,A11_F1,Stimulation,1,A11_F1_C010,79.59863459817379,55.200666538024265,59.69897594863034,41.4004999035182,127.06695132110843,134.86256166586267,69.54914074361741,68.0,41.6476341603688
A11,A11_F1,Stimulation,1,A11_F1_C011,107.63369646923252,71.85677916747977,80.72527235192439,53.89258437560983,127.06695132110843,134.86256166586267,49.450998600472815,98.0,45.77934061515101
A11,A11_F1,Stimulation,1,A11_F1_C012,83.63084834858346,34.24468746562408,62.72313626143759,25.68351559921806,127.06695132110843,134.86256166586267,82.19483896896047,46.0,43.1943755249287
A11,A11_F1,Stimulation,1,A11_F1_C013,136.52623595220876,28.44475226222663,102.39467696415656,21.33356419666997,127.06695132110843,134.86256166586267,80.12804363018255,120.0,37.95873621162114
A11,A11_F1,Stimulation,1,A11_F1_C014,113.45316118760228,228.88095339687447,85.08987089070172,171.66071504765586,127.06695132110843,134.86256166586267,71.24918393803111,79.0,52.60854701179717
A11,A11_F1,Stimulation,1,A11_F1_C015,216.14317381296672,190.59529939780668,162.10738035972503,142.946474548355,127.06695132110843,134.86256166586267,78.80609241068004,85.0,43.146738790109815
A11,A11_F1,Stimulation,1,A11_F1_C016,205.5095633690888,74.82480399376219,154.1321725268166,56.11860299532164,127.06695132110843,134.86256166586267,74.08609079174136,70.0,42.55331790736641
A11,A11_F1,Stimulation,1,A11_F1_C017,221.2968569201216,236.3893505548164,165.97264269009116,177.2920129161123,127.06695132110843,134.86256166586267,103.88776267615388,55.0,42.199722612717
A11,A11_F1,Stimulation,1,A11_F1_C018,146.23758739900964,126.3329038310384,109.67819054925724,94.7496778732788,127.06695132110843,134.86256166586267,15.736929405252788,140.0,54.34535474865567
A11,A11_F1,Stimulation,1,A11_F1_C019,146.40529764200872,195.6910653343825,109.80397323150656,146.76829900078687,127.06695132110843,134.86256166586267,47.87138137290632,74.0,53.11835088691174
A11,A11_F1,Stimulation,1,A11_F1_C020,17.03902991144088,243.22124184193265,12.779272433580662,182.41593138144947,127.06695132110843,134.86256166586267,115.82036833311264,93.0,27.012265254843136
A11,A11_F1,Stimulation,1,A11_F1_C021,208.58036535683212,223.4552636196814,156.43527401762412,167.59144771476105,127.06695132110843,134.86256166586267,90.29047969094572,115.0,46.45934156626377
A11,A11_F1,Stimulation,1,A11_F1_C022,88.05541201344245,69.08349609361828,66.04155901008184,51.812622070213706,127.06695132110843,134.86256166586267,57.358015460134666,98.0,60.39264408534778
A11,A11_F1,Stimulation,1,A11_F1_C023,127.66676472788984,141.7012867322129,95.7500735459174,106.27596504915968,127.06695132110843,134.86256166586267,5.148734249215625,116.0,58.57413443005765
A11,A11_F1,Stimulation,1,A11_F1_C024,239.98701416721573,68.15337846363191,179.9902606254118,51.115033847723936,127.06695132110843,134.86256166586267,98.36459647978612,79.0,48.37243234551814
A11,A11_F1,Stimulation,1,A11_F1_C025,203.35246840603892,126.16836532082712,152.5143513045292,94.62627399062036,127.06695132110843,134.86256166586267,57.58451533561957,114.0,49.9290090744317
A11,A11_F1,Stimulation,1,A11_F1_C026,126.30447728307207,110.07770001751712,94.72835796230406,82.55827501313784,127.06695132110843,134.86256166586267,18.597440351895173,91.0,54.792290948255314
A11,A11_F1,Stimulation,1,A11_F1_C027,197.5071647098769,87.6200950050483,148.1303735324077,65.71507125378622,127.06695132110843,134.86256166586267,63.61164833684185,102.0,57.21017695895697
A11,A11_F1,Stimulation,1,A11_F1_C028,230.14291219594676,118.26289674702946,172.60718414696004,88.6971725602721,127.06695132110843,134.86256166586267,78.30302647056443,86.0,48.56862968081433
A11,A11_F1,Stimulation,1,A11_F1_C029,217.64675281346305,54.40899334467776,163.23506461009728,40.80674500850832,127.06695132110843,134.86256166586267,90.86297851918756,118.0,46.75581831613187
A11,A11_F1,Stimulation,1,A11_F1_C030,110.43679362492044,48.24963895318776,82.82759521869032,36.18722921489082,127.06695132110843,134.86256166586267,66.14626063339054,73.0,62.70398623797756
A11,A11_F1,Stimulation,1,A11_F1_C031,136.4418431765275,160.30546196082562,102.33138238239562,120.22909647061924,127.06695132110843,134.86256166586267,20.336340554660485,51.0,58.76635668586557
A11,A11_F1,Stimulation,1,A11_F1_C032,220.8874272033736,101.50252285798446,165.66557040253022,76.12689214348835,127.06695132110843,134.86256166586267,74.68122461349496,70.0,43.69369040601613
A11,A11_F1,Stimulation,1,A11_F1_C033,149.53737501776925,94.21591953629286,112.15303126332694,70.66193965221964,127.06695132110843,134.86256166586267,34.833196377208715,134.0,59.49932031134498
A11,A11_F1,Stimulation,1,A11_F1_C034,220.3680417670424,79.76536025264073,165.2760313252818,59.82402018948055,127.06695132110843,134.86256166586267,81.26621212784463,90.0,36.60573003384176
A11,A11_F1,Stimulation,1,A11_F1_C035,89.09724885443866,123.61603249695364,66.822936640829,92.71202437271523,127.06695132110843,134.86256166586267,29.70021518629006,85.0,58.5950341808921
A11,A11_F1,Stimulation,1,A11_F1_C036,131.47012769979972,70.35037079018147,98.6025957748498,52.7627780926361,127.06695132110843,134.86256166586267,48.49671161804408,115.0,47.45617036282785
A11,A11_F1,Stimulation,1,A11_F1_C037,169.01218126221295,28.936677842387763,126.75913594665973,21.70250838179082,127.06695132110843,134.86256166586267,85.44634888607291,147.0,41.96624453259507
A11,A11_F1,Stimulation,1,A11_F1_C038,21.27373023919878,111.60092924166727,15.955297679399084,83.70069693125046,127.06695132110843,134.86256166586267,81.24030039384613,120.0,42.531843586350014
A11,A11_F1,Stimulation,1,A11_F1_C039,213.88312316317084,204.7170886666597,160.4123423723781,153.53781649999473,127.06695132110843,134.86256166586267,83.57269430050863,76.0,42.11437093367175
A11,A11_F1,Stimulation,1,A11_F1_C040,98.91545892005868,57.41082400325152,74.18659419004402,43.05811800243864,127.06695132110843,134.86256166586267,61.8069088584959,94.0,56.27352450399902
A11,A11_F2,Stimulation,1,A11_F2_C001,195.35142184290487,81.14598887366715,146.51356638217865,60.859491655250366,130.83980297231125,128.60556263263376,60.06633884516129,44.0,47.58205346213809
A11,A11_F2,Stimulation,1,A11_F2_C002,57.32588823689203,146.22925791706078,42.994416177669024,109.6719434377956,130.83980297231125,128.60556263263376,56.69767006723215,119.0,54.55034960985288
A11,A11_F2,Stimulation,1,A11_F2_C003,186.71629165842955,139.35769743959668,140.03721874382214,104.51827307969752,130.83980297231125,128.60556263263376,42.6761888507317,115.0,52.847528072132015
A11,A11_F2,Stimulation,1,A11_F2_C004,201.29027121764005,102.72814397393157,150.96770341323003,77.04610798044867,130.83980297231125,128.60556263263376,56.28953247041943,64.0,49.07486820003342
A11,A11_F2,Stimulation,1,A11_F2_C005,66.87745657011445,72.73101676117827,50.15809242758584,54.5482625708837,130.83980297231125,128.60556263263376,63.69768427037989,44.0,53.94639501725311
A11,A11_F2,Stimulation,1,A11_F2_C006,182.69498041211088,217.6335439771226,137.02123530908315,163.22515798284195,130.83980297231125,128.60556263263376,77.27162642518347,79.0,45.89773770956672
A11,A11_F2,Stimulation,1,A11_F2_C007,86.14903293231936,233.98251478411865,64.61177469923952,175.48688608808897,130.83980297231125,128.60556263263376,85.8465574235267,99.0,47.93305223214277
A11,A11_F2,Stimulation,1,A11_F2_C008,61.7878803628736,160.77338151280028,46.3409102721552,120.58003613460022,130.83980297231125,128.60556263263376,57.13275619560479,117.0,52.53400995042833
A11,A11_F2,Stimulation,1,A11_F2_C009,17.630511903263475,177.00686758849298,13.222883927447606,132.75515069136975,130.83980297231125,128.60556263263376,92.34150920363432,106.0,34.87962121191957
A11,A11_F2,Stimulation,1,A11_F2_C010,203.2281319344205,230.53937998401423,152.42109895081538,172.90453498801068,130.83980297231125,128.60556263263376,93.76671837856443,83.0,40.46694334865191
A11,A11_F2,Stimulation,1,A11_F2_C011,18.3134125215375,199.78114908720775,13.735059391153126,149.83586181540585,130.83980297231125,128.60556263263376,99.86033180625728,130.0,41.4268138172934
A11,A11_F2,Stimulation,1,A11_F2_C012,130.04735866763315,29.58057922039887,97.53551900072486,22.185434415299152,130.83980297231125,128.60556263263376,74.27111558755728,73.0,51.35766644544171
A11,A11_F2,Stimulation,1,A11_F2_C013,117.090492859971,158.64985723717308,87.81786964497826,118.9873929278798,130.83980297231125,128.60556263263376,24.780698766437744,107.0,63.81861576982516
A11,A11_F2,Stimulation,1,A11_F2_C014,219.99306814710548,59.17693316689287,164.9948011103291,44.38269987516965,130.83980297231125,128.60556263263376,84.7488029146153,91.0,47.70444303831405
A11,A11_F2,Stimulation,1,A11_F2_C015,186.3759068589947,49.19889309169814,139.78193014424602,36.8991698187736,130.83980297231125,128.60556263263376,72.67526316707713,126.0,42.16897902782137
A11,A11_F2,Stimulation,1,A11_F2_C016,224.4390356413828,109.3656651952094,168.3292767310371,82.02424889640704,130.83980297231125,128.60556263263376,71.66716040435396,117.0,49.44275071838727
A11,A11_F2,Stimulation,1,A11_F2_C017,47.379356080540894,32.306756826645255,35.53451706040567,24.23006761998394,130.83980297231125,128.60556263263376,95.57456374321752,114.0,35.59727532553546
A11,A11_F2,Stimulation,1,A11_F2_C018,209.34137772198423,197.6765734926972,157.0060332914882,148.2574301195229,130.83980297231125,128.60556263263376,78.42182254269436,60.0,42.0462891429076
A11,A11_F2,Stimulation,1,A11_F2_C019,22.010303957803817,155.88017418296872,16.507727968352864,116.91013063722652,130.83980297231125,128.60556263263376,84.14640463900294,141.0,44.80480602938366
A11,A11_F2,Stimulation,1,A11_F2_C020,122.0265961243141,132.59121781055376,91.51994709323556,99.44341335791532,130.83980297231125,128.60556263263376,7.254406244163693,83.0,67.57153907845075
A11,A11_F2,Stimulation,1,A11_F2_C021,84.9138731409506,86.72120548465165,63.68540485571295,65.04090411348874,130.83980297231125,128.60556263263376,46.61773645913447,75.0,44.09300819250798
A11,A11_F2,Stimulation,1,A11_F2_C022,133.10188075362825,173.56176930550282,99.82641056522118,130.17132697912712,130.83980297231125,128.60556263263376,33.759811193120214,98.0,50.33136131243087
A11,A11_F2,Stimulation,1,A11_F2_C023,24.20200267349243,127.84955768215043,18.151502005119323,95.88716826161284,130.83980297231125,128.60556263263376,79.98036007534259,93.0,38.58030711708535
A11,A11_F2,Stimulation,1,A11_F2_C024,240.5467806272544,210.4411973669744,180.4100854704408,157.8308980252308,130.83980297231125,128.60556263263376,102.65056883883778,116.0,42.31683211927329
A11,A11_F2,Stimulation,1,A11_F2_C025,147.5356099392559,185.25758848258937,110.65170745444192,138.943191361942,130.83980297231125,128.60556263263376,44.295751791674135,101.0,52.69363286432701
A11,A11_F2,Stimulation,1,A11_F2_C026,136.7117635868127,131.8359466782843,102.53382269010952,98.87696000871324,130.83980297231125,128.60556263263376,5.026415987472145,79.0,61.56413104885939
A11,A11_F2,Stimulation,1,A11_F2_C027,201.55368870126728,125.32178384367032,151.16526652595047,93.99133788275276,130.83980297231125,128.60556263263376,53.09256747782845,85.0,39.49176239821293
A11,A11_F2,Stimulation,1,A11_F2_C028,93.89222568519524,47.73190194608799,70.41916926389642,35.79892645956599,130.83980297231125,128.60556263263376,66.68538639671624,122.0,46.78107888894351
A11,A11_F2,Stimulation,1,A11_F2_C029,228.45333404528276,85.61663536136676,171.34000053396204,64.21247652102507,130.83980297231125,128.60556263263376,79.9953294918734,100.0,50.31824153429887
A11,A11_F2,Stimulation,1,A11_F2_C030,210.9572492130476,38.49818044423135,158.21793690978572,28.873635333173517,130.83980297231125,128.60556263263376,90.43067429419928,108.0,42.463388498324605
A11,A11_F2,Stimulation,1,A11_F2_C031,159.4943004761115,34.563553634039096,119.62072535708364,25.92266522552932,130.83980297231125,128.60556263263376,73.73297140407382,146.0,42.07822576650464
A11,A11_F2,Stimulation,1,A11_F2_C032,178.0321002119157,88.11395061463523,133.52407515893677,66.08546296097643,130.83980297231125,128.60556263263376,46.63699715830884,87.0,45.700633648802224
A11,A11_F2,Stimulation,1,A11_F2_C033,217.3715554137376,238.8808665789211,163.0286665603032,179.1606499341908,130.83980297231125,128.60556263263376,105.12952771738097,152.0,42.20274912601371
A11,A11_F2,Stimulation,1,A11_F2_C034,81.04388992948685,198.55796029683827,60.78291744711514,148.9184702226287,130.83980297231125,128.60556263263376,64.39950409972882,107.0,50.45681788171586
A11,A11_F2,Stimulation,1,A11_F2_C035,213.8528418412829,85.03101554032433,160.38963138096216,63.773261655243246,130.83980297231125,128.60556263263376,70.31587302533991,105.0,45.53042067987558
A11,A11_F2,Stimulation,1,A11_F2_C036,182.81654842042505,63.44810836959111,137.11241131531878,47.58608127719333,130.83980297231125,128.60556263263376,62.51184048880592,123.0,53.6317780312195
A11,A11_F2,Stimulation,1,A11_F2_C037,83.22428904975244,63.79455767358609,62.418216787314336,47.84591825518957,130.83980297231125,128.60556263263376,60.31652539375084,44.0,51.40366124650149
A11,A11_F2,Stimulation,1,A11_F2_C038,103.57222556401004,182.68722140064585,77.67916917300752,137.0154160504844,130.83980297231125,128.60556263263376,45.42515777033456,96.0,42.8845918054452
A11,A11_F2,Stimulation,1,A11_F2_C039,35.28555547926798,240.15108624697484,26.464166609450984,180.11331468523113,130.83980297231125,128.60556263263376,110.1581710743788,86.0,43.35483046411756
A11,A11_F2,Stimulation,1,A11_F2_C040,102.63454914034683,155.6063231130033,76.97591185526014,116.70474233475248,130.83980297231125,128.60556263263376,29.284377972942384,124.0,55.72597063050056
A12,A12_F1,Stimulation,1,A12_F1_C001,31.0842151530886,89.23819495384419,23.31316136481645,66.92864621538314,119.7514244093287,126.8257730257895,72.22893300274487,82.0,46.39589939626398
A12,A12_F1,Stimulation,1,A12_F1_C002,201.92375236819805,107.73823427078024,151.44281427614854,80.80367570308518,119.7514244093287,126.8257730257895,63.27007120330258,44.0,31.477901115431287
A12,A12_F1,Stimulation,1,A12_F1_C003,56.9050769561629,30.432872914323635,42.678807717122176,22.824654685742725,119.7514244093287,126.8257730257895,86.30298778899825,45.0,39.89897932218959
A12,A12_F1,Stimulation,1,A12_F1_C004,66.42623246685326,236.3235118054352,49.81967435013995,177.24263385407642,119.7514244093287,126.8257730257895,91.344122020117,117.0,47.53950312124798
A12,A12_F1,Stimulation,1,A12_F1_C005,129.12341074071202,63.86075119220554,96.842558055534,47.89556339415415,119.7514244093287,126.8257730257895,47.74401331626175,81.0,54.99067828210681
A12,A12_F1,Stimulation,1,A12_F1_C006,184.0879068267552,109.11332880165044,138.0659301200664,81.83499660123782,119.7514244093287,126.8257730257895,50.047616609191294,45.0,48.60821221879491
A12,A12_F1,Stimulation,1,A12_F1_C007,69.96924932157052,182.24465679349373,52.47693699117789,136.6834925951203,119.7514244093287,126.8257730257895,55.87131347499511,93.0,45.69439924611216
A12,A12_F1,Stimulation,1,A12_F1_C008,97.02905846048569,168.87941332954992,72.77179384536427,126.65955999716245,119.7514244093287,126.8257730257895,35.84980055209585,97.0,52.38348097357977
A12,A12_F1,Stimulation,1,A12_F1_C009,167.85770779629397,164.56968892067016,125.89328084722048,123.42726669050262,119.7514244093287,126.8257730257895,45.85940415789977,57.0,50.54640199225135
A12,A12_F1,Stimulation,1,A12_F1_C010,169.41064827361046,137.8449737483828,127.05798620520784,103.38373031128712,119.7514244093287,126.8257730257895,38.15032084916592,155.0,42.79235459266782
A12,A12_F1,Stimulation,1,A12_F1_C011,167.58349665630837,224.22867763049555,125.68762249223128,168.17150822287164,119.7514244093287,126.8257730257895,81.38530911959161,49.0,40.94644089674805
A12,A12_F1,Stimulation,1,A12_F1_C012,70.3235998112271,17.12605427244769,52.74269985842032,12.844540704335769,119.7514244093287,126.8257730257895,90.24073472231336,70.0,53.93106861380116
A12,A12_F1,Stimulation,1,A12_F1_C013,12.753542278432938,50.45440094431001,9.565156708824704,37.84080070823251,119.7514244093287,126.8257730257895,98.59329315645148,83.0,45.8277984884872
A12,A12_F1,Stimulation,1,A12_F1_C014,203.7352698933356,236.79622830716903,152.80145242000168,177.5971712303768,119.7514244093287,126.8257730257895,103.77893754083696,78.0,40.210063299191134
A12,A12_F1,Stimulation,1,A12_F1_C015,67.78167576516668,156.64666973738943,50.83625682387501,117.48500230304208,119.7514244093287,126.8257730257895,44.93833684435792,63.0,50.73063579861259
A12,A12_F1,Stimulation,1,A12_F1_C016,82.6498529373641,45.10307138364155,61.98738970302308,33.82730353773116,119.7514244093287,126.8257730257895,67.31276769883048,51.0,54.52362553206521
A12,A12_F1,Stimulation,1,A12_F1_C017,222.91020867113428,92.74230222669802,167.1826565033507,69.55672667002351,119.7514244093287,126.8257730257895,81.48265143911632,93.0,36.05236137268727
A12,A12_F1,Stimulation,1,A12_F1_C018,88.77824107970719,207.4292453257983,66.58368080978039,155.5719339943487,119.7514244093287,126.8257730257895,64.76221916147256,81.0,46.23522228956104
A12,A12_F1,Stimulation,1,A12_F1_C019,154.31851038318834,13.448320785324398,115.73888278739123,10.0862405889933,119.7514244093287,126.8257730257895,88.89740258556782,145.0,48.969991022063326
A12,A12_F1,Stimulation,1,A12_F1_C020,19.58912387678429,117.92927121373629,14.69184290758822,88.44695341030221,119.7514244093287,126.8257730257895,75.41746636728644,84.0,40.53976266761335
A12,A12_F1,Stimulation,1,A12_F1_C021,142.83898084847988,154.49126445470384,107.12923563635992,115.86844834102789,119.7514244093287,126.8257730257895,27.025141194137294,91.0,57.40726219969378
A12,A12_F1,Stimulation,1,A12_F1_C022,82.00165221797324,128.50158916609962,61.50123916347994,96.37619187457472,119.7514244093287,126.8257730257895,28.340213194017945,104.0,54.27585799202463
A12,A12_F1,Stimulation,1,A12_F1_C023,170.09001244390615,44.02007450693872,127.5675093329296,33.01505588020404,119.7514244093287,126.8257730257895,72.67943930911075,102.0,42.44307136789769
A12,A12_F1,Stimulation,1,A12_F1_C024,105.71165969329586,62.18444344316934,79.28374476997189,46.63833258237701,119.7514244093287,126.8257730257895,49.6113320922085,132.0,55.31939514029596
A12,A12_F1,Stimulation,1,A12_F1_C025,117.13879795768548,219.9073464014376,87.85409846826411,164.93050980107822,119.7514244093287,126.8257730257895,69.83867395270596,127.0,43.80580703978759
A12,A12_F1,Stimulation,1,A12_F1_C026,190.1731988159328,20.027138106621003,142.6298991119496,15.020353579965752,119.7514244093287,126.8257730257895,95.94483199362288,69.0,29.574784770854222
A12,A12_F1,Stimulation,1,A12_F1_C027,208.83846601531076,25.59106164966464,156.62884951148305,19.19329623724848,119.7514244093287,126.8257730257895,101.13873822799658,111.0,35.90657396129048
A12,A12_F1,Stimulation,1,A12_F1_C028,231.2458020663956,169.8014328969682,173.4343515497967,127.35107467272616,119.7514244093287,126.8257730257895,89.61763648778174,154.0,41.294391327577415
A12,A12_F1,Stimulation,1,A12_F1_C029,142.63119926625487,68.66807963019673,106.97339944969116,51.50105972264755,119.7514244093287,126.8257730257895,46.8723083143146,55.0,48.66535783512282
A12,A12_F1,Stimulation,1,A12_F1_C030,47.66637287495879,153.8195230315762,35.74977965621909,115.36464227368216,119.7514244093287,126.8257730257895,57.73011278071712,61.0,48.05506475374354
A12,A12_F1,Stimulation,1,A12_F1_C031,22.877171356748057,211.3242575954289,17.157878517561045,158.49319319657164,119.7514244093287,126.8257730257895,96.41107729131453,104.0,40.08403066861895
A12,A12_F1,Stimulation,1,A12_F1_C032,225.38193944975808,235.6542792263633,169.03645458731856,176.7407094197725,119.7514244093287,126.8257730257895,113.746715674012,115.0,42.528003706026766
A12,A12_F1,Stimulation,1,A12_F1_C033,128.28202545520753,117.0141690685023,96.21151909140563,87.76062680137673,119.7514244093287,126.8257730257895,9.751117044239807,63.0,47.45538500690614
A12,A12_F1,Stimulation,1,A12_F1_C034,67.25071419371932,213.7552830053125,50.43803564528949,160.31646225398435,119.7514244093287,126.8257730257895,76.16494375113231,64.0,48.26443844762813
A12,A12_F1,Stimulation,1,A12_F1_C035,33.0450804265353,147.87276023498086,24.78381031990148,110.90457017623564,119.7514244093287,126.8257730257895,66.91818316843022,81.0,50.31797191958083
A12,A12_F1,Stimulation,1,A12_F1_C036,229.23996416665,55.06379246481161,171.9299731249875,41.29784434860871,119.7514244093287,126.8257730257895,98.18276953277694,78.0,38.47538316826848
A12,A12_F1,Stimulation,1,A12_F1_C037,189.3271721587458,193.2879039567061,141.99537911905935,144.96592796752958,119.7514244093287,126.8257730257895,72.16387414459857,72.0,44.64459905806247
A12,A12_F1,Stimulation,1,A12_F1_C038,180.70753299291107,204.840443303442,135.5306497446833,153.6303324775815,119.7514244093287,126.8257730257895,74.25354518879001,105.0,37.85300616317492
A12,A12_F1,Stimulation,1,A12_F1_C039,163.76268696536633,27.1852023947879,122.82201522402474,20.388901796090927,119.7514244093287,126.8257730257895,81.69574305274145,110.0,36.12623937397071
A12,A12_F1,Stimulation,1,A12_F1_C040,207.2031687410751,89.60759377498036,155.4023765558063,67.20569533123526,119.7514244093287,126.8257730257895,71.2815737413492,151.0,53.363573279367365
A12,A12_F2,Stimulation,1,A12_F2_C001,215.02623735899104,204.8158115116271,161.2696780192433,153.61185863372032,125.17012005430732,134.31543690868435,85.65914345753428,115.0,44.74230943391591
A12,A12_F2,Stimulation,1,A12_F2_C002,103.68912581388696,177.37482572489017,77.76684436041523,133.03111929366764,125.17012005430732,134.31543690868435,36.09007542683953,91.0,56.71256195237482
A12,A12_F2,Stimulation,1,A12_F2_C003,25.689789623529094,140.19797489389413,19.267342217646824,105.1484811704206,125.17012005430732,134.31543690868435,74.740577818327,65.0,44.31570859194097
A12,A12_F2,Stimulation,1,A12_F2_C004,145.42445773350883,206.63050435128312,109.06834330013164,154.97287826346235,125.17012005430732,134.31543690868435,56.3234878661073,72.0,42.20589596294639
A12,A12_F2,Stimulation,1,A12_F2_C005,26.424780406619504,96.11650732337726,19.81858530496463,72.08738049253294,125.17012005430732,134.31543690868435,79.40725837116698,134.0,46.686000615229126
A12,A12_F2,Stimulation,1,A12_F2_C006,126.89854665002004,100.9188378512808,95.17390998751505,75.6891283884606,125.17012005430732,134.31543690868435,25.080972100229204,69.0,49.564734084589325
A12,A12_F2,Stimulation,1,A12_F2_C007,91.28605188209868,96.67575920222276,68.46453891157401,72.50681940166707,125.17012005430732,134.31543690868435,37.9834492934971,154.0,54.86302722971856
A12,A12_F2,Stimulation,1,A12_F2_C008,123.5052404511766,158.12338252088728,92.62893033838245,118.59253689066546,125.17012005430732,134.31543690868435,17.8995650877661,60.0,51.74314597727237
A12,A12_F2,Stimulation,1,A12_F2_C009,234.83258420019024,27.269913390032254,176.12443815014268,20.452435042524197,125.17012005430732,134.31543690868435,114.93514511762822,44.0,29.83225315761633
A12,A12_F2,Stimulation,1,A12_F2_C010,50.53167413365074,115.7216649367727,37.89875560023805,86.79124870257952,125.17012005430732,134.31543690868435,57.6897053697343,81.0,49.2734302608396
A12,A12_F2,Stimulation,1,A12_F2_C011,86.21910024983217,185.88012570781947,64.66432518737412,139.4100942808646,125.17012005430732,134.31543690868435,48.46705818958533,72.0,45.08758761072001
A12,A12_F2,Stimulation,1,A12_F2_C012,173.383251495945,172.24092029625584,130.03743862195876,129.18069022219188,125.17012005430732,134.31543690868435,46.00654505224388,126.0,42.12504431312728
A12,A12_F2,Stimulation,1,A12_F2_C013,20.48886063002518,67.49384747296303,15.366645472518885,50.62038560472227,125.17012005430732,134.31543690868435,93.14290700461632,76.0,37.896410923928656
A12,A12_F2,Stimulation,1,A12_F2_C014,149.786737762784,128.05999902779348,112.34005332208798,96.04499927084512,125.17012005430732,134.31543690868435,19.04923773800205,119.0,49.91815665900881
A12,A12_F2,Stimulation,1,A12_F2_C015,56.178047155580494,158.26287337529112,42.13353536668537,118.69715503146834,125.17012005430732,134.31543690868435,54.77252534669449,57.0,50.94832969551366
A12,A12_F2,Stimulation,1,A12_F2_C016,167.4459654896578,31.18515927508044,125.58447411724336,23.388869456310328,125.17012005430732,134.31543690868435,83.59422507286344,94.0,40.7536511294499
A12,A12_F2,Stimulation,1,A12_F2_C017,226.61574675019628,109.8556892360742,169.9618100626472,82.39176692705566,125.17012005430732,134.31543690868435,78.26455531056378,100.0,42.11414105754535
A12,A12_F2,Stimulation,1,A12_F2_C018,207.47789172627984,37.61939349316927,155.60841879470988,28.214545119876952,125.17012005430732,134.31543690868435,95.23728484960166,114.0,40.2158759536411
A12,A12_F2,Stimulation,1,A12_F2_C019,73.54729713299756,54.61347741656748,55.16047284974817,40.9601080624256,125.17012005430732,134.31543690868435,71.21967062337461,73.0,45.103931487812126
A12,A12_F2,Stimulation,1,A12_F2_C020,134.4391794674968,118.38349407737778,100.8293846006226,88.78762055803332,125.17012005430732,134.31543690868435,13.824074071767232,84.0,51.79566160662126
A12,A12_F2,Stimulation,1,A12_F2_C021,181.35016341027733,202.21890698193505,136.012622557708,151.66418023645127,125.17012005430732,134.31543690868435,66.09827280043316,155.0,45.883934572530585
A12,A12_F2,Stimulation,1,A12_F2_C022,87.1840420578259,45.43153455940438,65.38803154336944,34.07365091955329,125.17012005430732,134.31543690868435,72.49552226065413,97.0,40.08519808086756
A12,A12_F2,Stimulation,1,A12_F2_C023,239.90208279772088,45.69565565052109,179.92656209829067,34.27174173789082,125.17012005430732,134.31543690868435,108.7290210071599,58.0,30.902072725013294
A12,A12_F2,Stimulation,1,A12_F2_C024,230.7550991688071,236.14425103619857,173.06632437660534,177.10818827714894,125.17012005430732,134.31543690868435,110.0158104578118,135.0,34.693307770428696
A12,A12_F2,Stimulation,1,A12_F2_C025,192.81690170880464,139.5931304282995,144.6126762816035,104.69484782122464,125.17012005430732,134.31543690868435,50.8892609335973,83.0,44.14935163752296
A12,A12_F2,Stimulation,1,A12_F2_C026,203.02950789614272,157.94932198364015,152.27213092210704,118.46199148773012,125.17012005430732,134.31543690868435,61.025508595573214,59.0,36.47391203405731
A12,A12_F2,Stimulation,1,A12_F2_C027,71.08731989844918,132.42531836450377,53.315489923836886,99.31898877337782,125.17012005430732,134.31543690868435,40.58686393656658,80.0,43.754353297297655
A12,A12_F2,Stimulation,1,A12_F2_C028,149.7085252292027,63.76312920215077,112.28139392190204,47.82234690161308,125.17012005430732,134.31543690868435,56.0233506345806,54.0,49.41790164286309
A12,A12_F2,Stimulation,1,A12_F2_C029,233.87853558003383,188.48782884448175,175.40890168502537,141.36587163336134,125.17012005430732,134.31543690868435,91.09387633351,86.0,38.68541931171972
A12,A12_F2,Stimulation,1,A12_F2_C030,59.56430065545039,39.71849636587186,44.67322549158779,29.788872274403893,125.17012005430732,134.31543690868435,86.3402941460064,69.0,47.723424419593535
A12,A12_F2,Stimulation,1,A12_F2_C031,20.04286408165763,155.78568545648517,15.032148061243223,116.83926409236388,125.17012005430732,134.31543690868435,80.47297826343254,55.0,34.79447881468773
A12,A12_F2,Stimulation,1,A12_F2_C032,206.97658200690475,21.603200147510456,155.23243650517855,16.202400110632844,125.17012005430732,134.31543690868435,104.4530725362406,110.0,29.74751382827342
A12,A12_F2,Stimulation,1,A12_F2_C033,112.84849081711018,46.56378873203028,84.63636811283263,34.92284154902271,125.17012005430732,134.31543690868435,66.4593713966492,142.0,48.41354399846382
A12,A12_F2,Stimulation,1,A12_F2_C034,65.15705640719933,178.17836323126662,48.867792305399504,133.63377242344995,125.17012005430732,134.31543690868435,55.75040191841055,64.0,44.84926763652297
A12,A12_F2,Stimulation,1,A12_F2_C035,175.5282026708496,57.10918575664465,131.6461520031372,42.83188931748349,125.17012005430732,134.31543690868435,69.13332920700087,120.0,40.447845926497855
A12,A12_F2,Stimulation,1,A12_F2_C036,201.7270269298008,96.97724965296634,151.29527019735062,72.73293723972475,125.17012005430732,134.31543690868435,63.88265705620658,113.0,42.19854894499794
A12,A12_F2,Stimulation,1,A12_F2_C037,145.95042303865827,242.6704455579184,109.4628172789937,182.0028341684388,125.17012005430732,134.31543690868435,82.74722805911424,83.0,46.82484264487204
A12,A12_F2,Stimulation,1,A12_F2_C038,206.4221753701549,172.5446987524977,154.81663152761615,129.4085240643733,125.17012005430732,134.31543690868435,67.34721439467243,52.0,45.98154898095552
A12,A12_F2,Stimulation,1,A12_F2_C039,23.976300311555697,215.5971062523493,17.982225233666774,161.697829689262,125.17012005430732,134.31543690868435,97.34670331115242,76.0,37.5526673540541
A12,A12_F2,Stimulation,1,A12_F2_C040,130.54826035593686,202.31908611491903,97.91119526695265,151.7393145861893,125.17012005430732,134.31543690868435,51.161989238971245,125.0,52.898614473734646
A13,A13_F1,Stimulation,1,A13_F1_C001,52.0107636721573,64.83789988000754,39.008072754117975,48.628424910005656,127.72406775902714,145.18713965291246,82.80117101017929,95.0,43.59200839761151
A13,A13_F1,Stimulation,1,A13_F1_C002,211.8412527450896,130.19808886389058,158.88093955881718,97.64856664791792,127.72406775902714,145.18713965291246,64.08166278362026,63.0,41.453085889037695
A13,A13_F1,Stimulation,1,A13_F1_C003,147.1892596809973,51.18191818509687,110.39194476074798,38.38643863882265,127.72406775902714,145.18713965291246,71.99951312246395,96.0,50.60353294884026
A13,A13_F1,Stimulation,1,A13_F1_C004,74.25938751466654,40.21758125654429,55.69454063599991,30.16318594240822,127.72406775902714,145.18713965291246,88.35076471515485,94.0,46.68178536704247
A13,A13_F1,Stimulation,1,A13_F1_C005,199.9902648197841,74.81372811554266,149.99269861483808,56.110296086656994,127.72406775902714,145.18713965291246,75.65273565827343,104.0,38.886757399289216
A13,A13_F1,Stimulation,1,A13_F1_C006,53.0020425022349,197.27961144659685,39.751531876676175,147.95970858494763,127.72406775902714,145.18713965291246,68.31592973296587,133.0,46.91541456813497
A13,A13_F1,Stimulation,1,A13_F1_C007,120.46343017657536,190.2076379393353,90.34757263243154,142.6557284545015,127.72406775902714,145.18713965291246,34.2016621640616,83.0,41.70176228041958
A13,A13_F1,Stimulation,1,A13_F1_C008,89.81559784376611,46.94898233674984,67.36169838282458,35.21173675256238,127.72406775902714,145.18713965291246,78.97392322695917,140.0,44.97257389772776
A13,A13_F1,Stimulation,1,A13_F1_C009,186.28576436024127,131.52099103463172,139.71432327018096,98.6407432759738,127.72406775902714,145.18713965291246,45.10136038817616,80.0,35.39345480610275
A13,A13_F1,Stimulation,1,A13_F1_C010,145.30424278557294,78.13253596691487,108.97818208917973,58.59940197518616,127.72406775902714,145.18713965291246,51.99064931856237,78.0,48.29321640160473
A13,A13_F1,Stimulation,1,A13_F1_C011,137.38225457638129,183.8169090581503,103.03669093228596,137.86268179361272,127.72406775902714,145.18713965291246,29.864126590387315,104.0,51.35226512094493
A13,A13_F1,Stimulation,1,A13_F1_C012,76.33673201084346,155.5019643143134,57.2525490081326,116.62647323573503,127.72406775902714,145.18713965291246,39.30925856893323,116.0,47.46194447952964
A13,A13_F1,Stimulation,1,A13_F1_C013,115.33677286018296,243.07363803082896,86.50257964513722,182.3052285231217,127.72406775902714,145.18713965291246,74.00038207519904,106.0,40.59266545120585
A13,A13_F1,Stimulation,1,A13_F1_C014,177.843433548344,57.11337434629544,133.382575161258,42.83503075972158,127.72406775902714,145.18713965291246,76.00183001977469,91.0,39.86568612239847
A13,A13_F1,Stimulation,1,A13_F1_C015,84.1062446941473,80.79558432592856,63.07968352061048,60.59668824444642,127.72406775902714,145.18713965291246,58.33046051224262,146.0,52.01748072308137
A13,A13_F1,Stimulation,1,A13_F1_C016,134.64118686402333,214.6641312197069,100.9808901480175,160.99809841478017,127.72406775902714,145.18713965291246,52.36535713437255,48.0,41.44805560067302
A13,A13_F1,Stimulation,1,A13_F1_C017,75.09136730792952,124.00636427395324,56.31852548094714,93.00477320546494,127.72406775902714,145.18713965291246,42.5510264431571,105.0,51.28205073928787
A13,A13_F1,Stimulation,1,A13_F1_C018,80.24674610086,203.5136256956258,60.185059575645,152.63521927171934,127.72406775902714,145.18713965291246,56.40516122955588,90.0,38.6539961430321
A13,A13_F1,Stimulation,1,A13_F1_C019,139.1359614359896,148.730768978671,104.3519710769922,111.54807673400325,127.72406775902714,145.18713965291246,8.962064615763929,122.0,45.64534408556447
A13,A13_F1,Stimulation,1,A13_F1_C020,153.05959261687275,213.47176240706648,114.79469446265456,160.10382180529984,127.72406775902714,145.18713965291246,54.6249180322593,73.0,49.33759267289653
A13,A13_F1,Stimulation,1,A13_F1_C021,15.509448535248644,161.68582886737124,11.632086401436483,121.26437165052845,127.72406775902714,145.18713965291246,85.06576412546798,127.0,42.21430830131686
A13,A13_F1,Stimulation,1,A13_F1_C022,62.714257227417406,79.9205447301396,47.03569292056305,59.9404085476047,127.72406775902714,145.18713965291246,69.08963150480778,64.0,44.35307397402341
A13,A13_F1,Stimulation,1,A13_F1_C023,228.49538021331972,214.28093745197327,171.3715351599898,160.71070308897995,127.72406775902714,145.18713965291246,91.63763308970132,98.0,41.04895026537441
A13,A13_F1,Stimulation,1,A13_F1_C024,125.88319244440864,32.65380607444712,94.41239433330648,24.49035455583534,127.72406775902714,145.18713965291246,84.41129215552826,156.0,34.028617655188725
A13,A13_F1,Stimulation,1,A13_F1_C025,68.70353731056103,178.54656088188446,51.52765298292077,133.90992066141334,127.72406775902714,145.18713965291246,50.84686936795661,65.0,41.03063373084291
A13,A13_F1,Stimulation,1,A13_F1_C026,53.75598467697686,241.7024636699579,40.316988507732646,181.2768477524684,127.72406775902714,145.18713965291246,91.19976897055962,127.0,41.474980266887
A13,A13_F1,Stimulation,1,A13_F1_C027,177.29911340402612,233.10385381769052,132.9743350530196,174.8278903632679,127.72406775902714,145.18713965291246,75.69812746285209,78.0,32.71961812855109
A13,A13_F1,Stimulation,1,A13_F1_C028,187.14419932969676,18.609907293515697,140.35814949727256,13.957430470136773,127.72406775902714,145.18713965291246,104.87281883571038,127.0,33.68170805355968
A13,A13_F1,Stimulation,1,A13_F1_C029,235.9992333192552,78.67459151458145,176.9994249894414,59.00594363593609,127.72406775902714,145.18713965291246,95.3044053390691,63.0,34.221400309153644
A13,A13_F1,Stimulation,1,A13_F1_C030,228.14304797201703,49.597958089932575,171.10728597901277,37.19846856744943,127.72406775902714,145.18713965291246,103.98057780484618,58.0,37.50947345528212
A13,A13_F1,Stimulation,1,A13_F1_C031,28.9779206096086,86.51654101462496,21.73344045720645,64.88740576096872,127.72406775902714,145.18713965291246,86.14572192398282,68.0,38.34771631182682
A13,A13_F1,Stimulation,1,A13_F1_C032,107.66423025802798,167.31486724645583,80.74817269352098,125.48615043484187,127.72406775902714,145.18713965291246,22.40019626195406,61.0,47.29299685374131
A13,A13_F1,Stimulation,1,A13_F1_C033,201.18540166136907,208.0977266924355,150.8890512460268,156.07329501932662,127.72406775902714,145.18713965291246,72.53825967348152,76.0,50.59552469667117
A13,A13_F1,Stimulation,1,A13_F1_C034,46.8649160185466,24.00427423414148,35.14868701390995,18.003205675606107,127.72406775902714,145.18713965291246,109.26212850916318,103.0,36.66041301738399
A13,A13_F1,Stimulation,1,A13_F1_C035,190.9091746584849,226.5701252790822,143.18188099386367,169.92759395931165,127.72406775902714,145.18713965291246,77.27383643168271,105.0,44.47958167594685
A13,A13_F1,Stimulation,1,A13_F1_C036,39.539111191858495,191.86787864303747,29.65433339389387,143.9009089822781,127.72406775902714,145.18713965291246,74.8336077644757,78.0,39.89423703739267
A13,A13_F1,Stimulation,1,A13_F1_C037,19.834512154337546,44.713990271742254,14.87588411575316,33.53549270380669,127.72406775902714,145.18713965291246,110.57098669981626,77.0,29.129046430943816
A13,A13_F1,Stimulation,1,A13_F1_C038,26.199210009279128,145.82823837947998,19.649407506959346,109.37117878460998,127.72406775902714,145.18713965291246,76.14516142628253,61.0,44.31437252994162
A13,A13_F1,Stimulation,1,A13_F1_C039,17.91135483128384,238.2503481117212,13.43351612346288,178.68776108379086,127.72406775902714,145.18713965291246,107.9572641727931,95.0,39.369616157259294
A13,A13_F1,Stimulation,1,A13_F1_C040,55.63291258435432,218.53770514220636,41.72468443826574,163.90327885665477,127.72406775902714,145.18713965291246,77.13501191424095,155.0,41.283418663144005
A13,A13_F2,Stimulation,1,A13_F2_C001,187.21074433202256,94.94828131901237,140.40805824901693,71.21121098925926,125.74391269790732,117.00248795267976,48.9776956841036,74.0,48.58384216284517
A13,A13_F2,Stimulation,1,A13_F2_C002,198.52218773108967,37.69054763191576,148.89164079831727,28.267910723936826,125.74391269790732,117.00248795267976,80.73240936430427,68.0,37.87874711194634
A13,A13_F2,Stimulation,1,A13_F2_C003,27.9586185925263,200.0828884731752,20.968963944394723,150.0621663548814,125.74391269790732,117.00248795267976,96.23501514693608,63.0,44.72135042523137
A13,A13_F2,Stimulation,1,A13_F2_C004,33.65451462520231,12.999069942660622,25.240885968901733,9.749302456995466,125.74391269790732,117.00248795267976,104.18568572398726,127.0,36.80728473665945
A13,A13_F2,Stimulation,1,A13_F2_C005,218.26067001346928,110.92810789645397,163.69550251010196,83.19608092234046,125.74391269790732,117.00248795267976,69.53696692015988,95.0,51.81248200259661
A13,A13_F2,Stimulation,1,A13_F2_C006,206.7809678252009,155.64745239025495,155.08572586890068,116.73558929269122,125.74391269790732,117.00248795267976,67.33495480653474,112.0,44.69289042094799
A13,A13_F2,Stimulation,1,A13_F2_C007,77.79625394539926,42.30689644878536,58.34719045904944,31.73017233658902,125.74391269790732,117.00248795267976,66.57030321851133,133.0,49.76429118898293
A13,A13_F2,Stimulation,1,A13_F2_C008,98.96330126555632,57.64547585677325,74.22247594916723,43.23410689257994,125.74391269790732,117.00248795267976,48.83908802306652,84.0,56.28736124201837
A13,A13_F2,Stimulation,1,A13_F2_C009,35.73381129067736,74.4479577849066,26.80035846800802,55.83596833867996,125.74391269790732,117.00248795267976,74.67193144777428,83.0,44.60927359216947
A13,A13_F2,Stimulation,1,A13_F2_C010,21.251067371167338,90.91520842873057,15.938300528375503,68.18640632154792,125.74391269790732,117.00248795267976,80.77503787408118,78.0,47.26613155688637
A13,A13_F2,Stimulation,1,A13_F2_C011,61.57881180061716,180.73307546008212,46.18410885046287,135.54980659506165,125.74391269790732,117.00248795267976,67.82732285682468,79.0,42.26361969141566
A13,A13_F2,Stimulation,1,A13_F2_C012,102.03187189969428,151.07137836915905,76.5239039247707,113.30353377686929,125.74391269790732,117.00248795267976,31.13132622178558,107.0,51.92142890058181
A13,A13_F2,Stimulation,1,A13_F2_C013,91.11289702295916,20.67222662343484,68.33467276721939,15.504169967576132,125.74391269790732,117.00248795267976,76.77460454552669,44.0,40.07676508487647
A13,A13_F2,Stimulation,1,A13_F2_C014,35.65233828713983,136.10773297810312,26.73925371535487,102.08079973357734,125.74391269790732,117.00248795267976,69.07130351384669,108.0,42.82115815075674
A13,A13_F2,Stimulation,1,A13_F2_C015,98.38530384564638,90.92703775847642,73.78897788423478,68.1952783188573,125.74391269790732,117.00248795267976,28.34585863760846,63.0,51.46562036170658
A13,A13_F2,Stimulation,1,A13_F2_C016,235.65159165378915,217.05090017202892,176.73869374034186,162.7881751290217,125.74391269790732,117.00248795267976,111.46872995647088,106.0,36.5909344413521
A13,A13_F2,Stimulation,1,A13_F2_C017,243.2838127319993,72.73479453965933,182.4628595489995,54.5510959047445,125.74391269790732,117.00248795267976,94.19969181916204,50.0,35.30667004010795
A13,A13_F2,Stimulation,1,A13_F2_C018,163.4586490450034,166.38481134664883,122.59398678375254,124.78860850998664,125.74391269790732,117.00248795267976,46.60280089065037,51.0,40.08379838886141
A13,A13_F2,Stimulation,1,A13_F2_C019,70.63899265988114,123.92430300862422,52.97924449491086,92.94322725646816,125.74391269790732,117.00248795267976,41.65346145924852,92.0,49.32333024373385
A13,A13_F2,Stimulation,1,A13_F2_C020,143.62571342836068,115.38909496850351,107.71928507127052,86.54182122637764,125.74391269790732,117.00248795267976,13.46582829926664,81.0,57.10029156546637
A13,A13_F2,Stimulation,1,A13_F2_C021,170.95631968710987,196.38309570612665,128.2172397653324,147.28732177959498,125.74391269790732,117.00248795267976,68.51504565493941,107.0,46.91916659195085
A13,A13_F2,Stimulation,1,A13_F2_C022,114.16418944895578,18.272471541743613,85.62314208671684,13.70435365630771,125.74391269790732,117.00248795267976,74.55507828915573,44.0,46.68729745066808
A13,A13_F2,Stimulation,1,A13_F2_C023,47.65420183918031,154.45855212541764,35.740651379385234,115.84391409406322,125.74391269790732,117.00248795267976,64.95606071020558,84.0,36.96797072338602
A13,A13_F2,Stimulation,1,A13_F2_C024,159.77478932602364,236.40327340954855,119.83109199451772,177.30245505716144,125.74391269790732,117.00248795267976,93.11680607782276,96.0,30.411824430845584
A13,A13_F2,Stimulation,1,A13_F2_C025,126.8321748135158,81.47322818853587,95.12413111013684,61.1049211414019,125.74391269790732,117.00248795267976,26.65944195353513,94.0,55.72434339471755
A13,A13_F2,Stimulation,1,A13_F2_C026,168.10046031808366,123.91448119931653,126.07534523856276,92.93586089948738,125.74391269790732,117.00248795267976,32.18760921581118,108.0,54.96534274736945
A13,A13_F2,Stimulation,1,A13_F2_C027,112.1165968541589,132.00188834993193,84.08744764061917,99.00141626244894,125.74391269790732,117.00248795267976,15.19903727305057,95.0,56.03644798257052
A13,A13_F2,Stimulation,1,A13_F2_C028,213.90461003442317,21.90473736379353,160.42845752581735,16.428553022845144,125.74391269790732,117.00248795267976,97.25707445262684,62.0,54.981649309663965
A13,A13_F2,Stimulation,1,A13_F2_C029,137.8388216682616,44.12519149575032,103.3791162511962,33.09389362181274,125.74391269790732,117.00248795267976,55.40559789906783,111.0,41.38606762210333
A13,A13_F2,Stimulation,1,A13_F2_C030,65.5653791480564,137.94437228432827,49.174034361042295,103.4582792132462,125.74391269790732,117.00248795267976,47.78870537070979,81.0,55.33216658700517
A13,A13_F2,Stimulation,1,A13_F2_C031,148.704187030304,172.63117105587486,111.528140272728,129.47337829190616,125.74391269790732,117.00248795267976,45.13557440570822,60.0,47.08805534763317
A13,A13_F2,Stimulation,1,A13_F2_C032,33.139564450416174,224.9320283286989,24.85467333781213,168.69902124652415,125.74391269790732,117.00248795267976,106.65925856468468,86.0,32.30734166183304
A13,A13_F2,Stimulation,1,A13_F2_C033,183.39288558457417,45.4759103058391,137.54466418843063,34.106932729379324,125.74391269790732,117.00248795267976,68.89988137817011,103.0,43.719571767110686
A13,A13_F2,Stimulation,1,A13_F2_C034,158.7014447701822,185.0897414461243,119.02608357763664,138.8173060845932,125.74391269790732,117.00248795267976,56.73328888160616,78.0,41.588935315962885
A13,A13_F2,Stimulation,1,A13_F2_C035,55.77632581439008,36.08972040833866,41.83224436079256,27.067290306253994,125.74391269790732,117.00248795267976,80.22665255928202,142.0,46.464968095659536
A13,A13_F2,Stimulation,1,A13_F2_C036,105.4133330025066,191.24288556273456,79.05999975187996,143.43216417205093,125.74391269790732,117.00248795267976,57.730365694997694,152.0,52.419076103084144
A13,A13_F2,Stimulation,1,A13_F2_C037,235.5469436088216,33.94949084143911,176.66020770661618,25.46211813107933,125.74391269790732,117.00248795267976,103.25652320115375,119.0,31.01894616766908
A13,A13_F2,Stimulation,1,A13_F2_C038,154.91098059883302,89.04633399056955,116.18323544912477,66.78475049292716,125.74391269790732,117.00248795267976,30.30096899091449,107.0,53.30589529348642
A13,A13_F2,Stimulation,1,A13_F2_C039,235.59678986465445,18.33903932942261,176.69759239849083,13.75427949706696,125.74391269790732,117.00248795267976,110.74158445577784,51.0,29.76082481951981
A13,A13_F2,Stimulation,1,A13_F2_C040,215.00574923261533,131.92584514210176,161.2543119244615,98.94438385657632,125.74391269790732,117.00248795267976,67.87554717190503,107.0,40.59039863554204
A14,A14_F1,Stimulation,1,A14_F1_C001,173.1938499166823,172.13248482016144,129.89538743751172,129.0993636151211,132.64722590064417,131.19953357259567,43.2115558563346,114.0,42.181014032457874
A14,A14_F1,Stimulation,1,A14_F1_C002,180.93248050741755,80.55455553276272,135.69936038056318,60.41591664957204,132.64722590064417,131.19953357259567,52.480601486325895,104.0,41.55414856733484
A14,A14_F1,Stimulation,1,A14_F1_C003,16.5182063228569,197.6293953027143,12.388654742142675,148.22204647703572,132.64722590064417,131.19953357259567,100.3400099219608,48.0,31.801627619041625
A14,A14_F1,Stimulation,1,A14_F1_C004,86.7988085635714,103.1382671025577,65.09910642267855,77.35370032691827,132.64722590064417,131.19953357259567,40.31563626090987,119.0,49.81024387111765
A14,A14_F1,Stimulation,1,A14_F1_C005,48.61832726258461,103.16055966477492,36.46374544693845,77.37041974858118,132.64722590064417,131.19953357259567,66.43763935881842,106.0,42.96177879354901
A14,A14_F1,Stimulation,1,A14_F1_C006,140.8502134808792,49.77969037569027,105.6376601106594,37.3347677817677,132.64722590064417,131.19953357259567,61.37401671465466,44.0,38.41417061439798
A14,A14_F1,Stimulation,1,A14_F1_C007,205.70164314264528,197.0616641106366,154.27623235698397,147.79624808297746,132.64722590064417,131.19953357259567,73.7702993496557,52.0,32.33815118134563
A14,A14_F1,Stimulation,1,A14_F1_C008,38.111817115455466,68.80759902804294,28.5838628365916,51.60569927103221,132.64722590064417,131.19953357259567,84.95118932861917,69.0,38.1564884420627
A14,A14_F1,Stimulation,1,A14_F1_C009,112.1590490167402,33.87844195646441,84.11928676255515,25.408831467348307,132.64722590064417,131.19953357259567,74.59073433930735,102.0,46.40772994911376
A14,A14_F1,Stimulation,1,A14_F1_C010,82.93666518831718,169.2623413778743,62.20249889123788,126.94675603340572,132.64722590064417,131.19953357259567,46.95693150324012,83.0,54.31790503420964
A14,A14_F1,Stimulation,1,A14_F1_C011,119.03433689214684,175.58827880555,89.27575266911015,131.6912091041625,132.64722590064417,131.19953357259567,34.8219067673499,127.0,45.05363175636158
A14,A14_F1,Stimulation,1,A14_F1_C012,219.510827375626,140.18408632403586,164.6331205317195,105.13806474302687,132.64722590064417,131.19953357259567,65.49526082288841,114.0,41.47253454496831
A14,A14_F1,Stimulation,1,A14_F1_C013,100.24935606315486,48.64464689163727,75.18701704736614,36.48348516872795,132.64722590064417,131.19953357259567,66.51333586404638,49.0,37.804914691598185
A14,A14_F1,Stimulation,1,A14_F1_C014,66.564325529196,15.713438509813772,49.923244146897,11.785078882360333,132.64722590064417,131.19953357259567,99.7922500965048,83.0,36.662547412135645
A14,A14_F1,Stimulation,1,A14_F1_C015,172.071118248494,231.11748944110383,129.0533386863705,173.33811708082789,132.64722590064417,131.19953357259567,80.56075763638118,85.0,36.06516018833408
A14,A14_F1,Stimulation,1,A14_F1_C016,37.49066731244626,92.9704653181226,28.118000484334697,69.72784898859196,132.64722590064417,131.19953357259567,76.91151194619239,104.0,34.71853517746784
A14,A14_F1,Stimulation,1,A14_F1_C017,155.71529593975168,237.98131153696045,116.78647195481376,178.48598365272034,132.64722590064417,131.19953357259567,81.93379783590554,92.0,41.16456728318212
A14,A14_F1,Stimulation,1,A14_F1_C018,188.03164074675703,194.93794521996384,141.0237305600678,146.20345891497288,132.64722590064417,131.19953357259567,63.32957777797296,111.0,34.990198648721204
A14,A14_F1,Stimulation,1,A14_F1_C019,60.10875284237309,197.97941536609545,45.08156463177982,148.48456152457155,132.64722590064417,131.19953357259567,73.94780430048864,146.0,35.19929080762506
A14,A14_F1,Stimulation,1,A14_F1_C020,22.25211354394052,56.351794274634095,16.68908515795539,42.26384570597557,132.64722590064417,131.19953357259567,100.0323023429131,82.0,39.05436891124773
A14,A14_F1,Stimulation,1,A14_F1_C021,198.92979521356412,93.82532553662674,149.1973464101731,70.36899415247005,132.64722590064417,131.19953357259567,57.07007413552074,101.0,41.19971360898081
A14,A14_F1,Stimulation,1,A14_F1_C022,187.9761566845266,175.15740461232227,140.98211751339494,131.3680534592417,132.64722590064417,131.19953357259567,52.99897703747212,82.0,50.11132736368103
A14,A14_F1,Stimulation,1,A14_F1_C023,153.65176779229418,118.77732941668286,115.23882584422064,89.08299706251215,132.64722590064417,131.19953357259567,18.30218126604606,75.0,47.63006115384506
A14,A14_F1,Stimulation,1,A14_F1_C024,70.52336705295289,66.26003738257631,52.89252528971467,49.69502803693224,132.64722590064417,131.19953357259567,67.40206229776685,103.0,45.77451156627819
A14,A14_F1,Stimulation,1,A14_F1_C025,107.93094514433572,197.61989550729552,80.94820885825177,148.21492163047165,132.64722590064417,131.19953357259567,53.15251118576778,66.0,31.77895207781595
A14,A14_F1,Stimulation,1,A14_F1_C026,111.08806060844134,70.08363186803248,83.31604545633101,52.56272390102436,132.64722590064417,131.19953357259567,48.60527198985541,69.0,42.44991715787415
A14,A14_F1,Stimulation,1,A14_F1_C027,120.91910219797752,215.4531722883268,90.68932664848312,161.5898792162451,132.64722590064417,131.19953357259567,63.79950073366269,72.0,35.56545560236646
A14,A14_F1,Stimulation,1,A14_F1_C028,83.35547853185535,186.6762779260216,62.51660889889152,140.0072084445162,132.64722590064417,131.19953357259567,55.65861888811275,90.0,44.96893157928345
A14,A14_F1,Stimulation,1,A14_F1_C029,134.36539173797814,166.14962175993273,100.7740438034836,124.61221631994954,132.64722590064417,131.19953357259567,26.24422177276001,86.0,43.78456385224472
A14,A14_F1,Stimulation,1,A14_F1_C030,223.6766754464357,75.94903687549015,167.7575065848268,56.96177765661761,132.64722590064417,131.19953357259567,79.86347828833435,68.0,38.921856452868575
A14,A14_F1,Stimulation,1,A14_F1_C031,141.12814490515055,21.36664117964868,105.84610867886292,16.024980884736507,132.64722590064417,131.19953357259567,82.61987962464566,107.0,30.72192152549259
A14,A14_F1,Stimulation,1,A14_F1_C032,164.4298605222902,151.62456152228742,123.32239539171763,113.71842114171557,132.64722590064417,131.19953357259567,28.334893100368184,116.0,48.29636969456395
A14,A14_F1,Stimulation,1,A14_F1_C033,19.24950572864686,86.36328771742987,14.437129296485145,64.7724657880724,132.64722590064417,131.19953357259567,91.4549024599431,130.0,27.489308218914054
A14,A14_F1,Stimulation,1,A14_F1_C034,40.56313083852716,149.5508818498926,30.42234812889537,112.16316138741944,132.64722590064417,131.19953357259567,70.42117620211661,89.0,38.86323514954211
A14,A14_F1,Stimulation,1,A14_F1_C035,150.5964247629822,148.47143961795638,112.94731857223664,111.35357971346728,132.64722590064417,131.19953357259567,18.68226482548977,100.0,50.41167753573959
A14,A14_F1,Stimulation,1,A14_F1_C036,62.50420587469987,32.106195559858946,46.878154406024905,24.07964666989421,132.64722590064417,131.19953357259567,91.05485848919548,60.0,28.746849047231613
A14,A14_F1,Stimulation,1,A14_F1_C037,224.52714131216317,111.63229176129104,168.39535598412235,83.72421882096828,132.64722590064417,131.19953357259567,70.45528824774685,99.0,31.951262528286243
A14,A14_F1,Stimulation,1,A14_F1_C038,41.47293319516195,168.86910226078177,31.104699896371464,126.65182669558632,132.64722590064417,131.19953357259567,73.98721701225249,114.0,32.82804891494454
A14,A14_F1,Stimulation,1,A14_F1_C039,85.85026008692408,27.36928685832449,64.38769506519306,20.526965143743364,132.64722590064417,131.19953357259567,85.41665721591288,109.0,36.495512118030575
A14,A14_F1,Stimulation,1,A14_F1_C040,45.65814370497784,54.49979107983712,34.24360777873338,40.874843309877846,132.64722590064417,131.19953357259567,86.9804425852799,116.0,39.165703844827526
A14,A14_F2,Stimulation,1,A14_F2_C001,22.308995615516515,151.5463955282107,16.731746711637385,113.659796646158,133.88906722102982,125.48517724170188,85.93736647357511,61.0,34.878728351306926
A14,A14_F2,Stimulation,1,A14_F2_C002,184.49585061757188,55.831907987735256,138.3718879631789,41.87393099080144,133.88906722102982,125.48517724170188,64.57244961649225,106.0,40.51776026043236
A14,A14_F2,Stimulation,1,A14_F2_C003,202.77494748312668,140.41585157573175,152.08121061234502,105.31188868179882,133.88906722102982,125.48517724170188,52.864038946607664,77.0,35.352861293010285
A14,A14_F2,Stimulation,1,A14_F2_C004,82.09777806525433,198.04560557213512,61.57333354894075,148.53420417910132,133.88906722102982,125.48517724170188,66.86094736803473,132.0,44.96493505300789
A14,A14_F2,Stimulation,1,A14_F2_C005,119.65900730932056,148.739715591665,89.74425548199042,111.55478669374877,133.88906722102982,125.48517724170188,20.447208597151256,122.0,37.435637290022655
A14,A14_F2,Stimulation,1,A14_F2_C006,28.69736992244867,64.9917884813978,21.5230274418365,48.743841361048354,133.88906722102982,125.48517724170188,91.00916484699304,65.0,40.58315435776596
A14,A14_F2,Stimulation,1,A14_F2_C007,66.93051276811019,179.96573561626883,50.19788457608264,134.97430171220162,133.88906722102982,125.48517724170188,64.74189780247737,118.0,40.076412312738526
A14,A14_F2,Stimulation,1,A14_F2_C008,50.57472768418913,86.54110086572476,37.931045763141846,64.90582564929358,133.88906722102982,125.48517724170188,68.97521398804304,119.0,38.17505813415337
A14,A14_F2,Stimulation,1,A14_F2_C009,205.44514253222468,155.65712051000432,154.0838568991685,116.74284038250325,133.88906722102982,125.48517724170188,58.242790686242586,49.0,40.48395087808243
A14,A14_F2,Stimulation,1,A14_F2_C010,90.75909170820393,135.65287963405143,68.06931878115294,101.73965972553856,133.88906722102982,125.48517724170188,33.23419985222975,116.0,42.39153018668785
A14,A14_F2,Stimulation,1,A14_F2_C011,27.50321203207243,23.25329894012117,20.627409024054323,17.439974205090877,133.88906722102982,125.48517724170188,110.65819110220536,98.0,34.18386479442128
A14,A14_F2,Stimulation,1,A14_F2_C012,123.023010981979,103.37727925415574,92.26725823648424,77.5329594406168,133.88906722102982,125.48517724170188,18.475444826447447,54.0,42.361320450637976
A14,A14_F2,Stimulation,1,A14_F2_C013,93.88542455273142,43.85483634336158,70.41406841454857,32.89112725752119,133.88906722102982,125.48517724170188,68.17910046213272,101.0,33.479877152179654
A14,A14_F2,Stimulation,1,A14_F2_C014,17.888990716893712,54.10896397122208,13.416743037670283,40.581722978416565,133.88906722102982,125.48517724170188,102.1503897839437,56.0,28.35512347888688
A14,A14_F2,Stimulation,1,A14_F2_C015,139.93413685954985,126.178147022923,104.95060264466238,94.63361026719228,133.88906722102982,125.48517724170188,4.5634941825739554,97.0,57.143720581370616
A14,A14_F2,Stimulation,1,A14_F2_C016,114.89077774810322,81.99000054512102,86.16808331107741,61.49250040884077,133.88906722102982,125.48517724170188,35.59747936026787,86.0,54.5387637467612
A14,A14_F2,Stimulation,1,A14_F2_C017,230.85058934592007,243.12100341193968,173.13794200944005,182.3407525589548,133.88906722102982,125.48517724170188,114.3343559871031,152.0,30.658571052258985
A14,A14_F2,Stimulation,1,A14_F2_C018,107.03647511724296,53.67376735630288,80.27735633793222,40.25532551722716,133.88906722102982,125.48517724170188,57.500794903087126,133.0,43.38412675657828
A14,A14_F2,Stimulation,1,A14_F2_C019,106.12863750977549,112.34732314623182,79.59647813233161,84.26049235967386,133.88906722102982,125.48517724170188,23.03421641260856,121.0,51.10912934287969
A14,A14_F2,Stimulation,1,A14_F2_C020,162.30696157658156,130.34779631139898,121.73022118243615,97.76084723354924,133.88906722102982,125.48517724170188,21.62318786393228,154.0,52.26353309712133
A14,A14_F2,Stimulation,1,A14_F2_C021,57.74163045114791,241.3094705194305,43.30622283836094,180.98210288957287,133.88906722102982,125.48517724170188,103.96011595774846,96.0,33.959923730125375
A14,A14_F2,Stimulation,1,A14_F2_C022,21.45303528081824,239.5294005887819,16.089776460613678,179.64705044158643,133.88906722102982,125.48517724170188,120.11232123924948,92.0,31.879419442705434
A14,A14_F2,Stimulation,1,A14_F2_C023,204.96335355819343,103.5802209354113,153.7225151686451,77.68516570155847,133.88906722102982,125.48517724170188,55.77994240879657,63.0,36.989050694137255
A14,A14_F2,Stimulation,1,A14_F2_C024,69.098756636666,95.69048634275894,51.8240674774995,71.7678647570692,133.88906722102982,125.48517724170188,53.484560600722034,98.0,43.85145490813555
A14,A14_F2,Stimulation,1,A14_F2_C025,173.89493781648088,65.29738543051141,130.42120336236064,48.97303907288356,133.88906722102982,125.48517724170188,54.20295176859873,82.0,38.90824361176148
A14,A14_F2,Stimulation,1,A14_F2_C026,186.53451969687072,240.20987047782629,139.90088977265304,180.1574028583697,133.88906722102982,125.48517724170188,94.67037886153324,78.0,32.85877494707017
A14,A14_F2,Stimulation,1,A14_F2_C027,52.23292314572239,44.07827980906861,39.17469235929179,33.05870985680146,133.88906722102982,125.48517724170188,86.47733783110888,117.0,33.5794776413885
A14,A14_F2,Stimulation,1,A14_F2_C028,133.52339075030852,182.7569778454626,100.1425430627314,137.06773338409695,133.88906722102982,125.48517724170188,42.95472600097652,94.0,45.44132783269672
A14,A14_F2,Stimulation,1,A14_F2_C029,141.46077062292812,169.14776247834578,106.09557796719608,126.86082185875934,133.88906722102982,125.48517724170188,33.23568148238952,68.0,44.6292776434009
A14,A14_F2,Stimulation,1,A14_F2_C030,177.81143407089553,21.106103639219835,133.35857555317165,15.829577729414876,133.88906722102982,125.48517724170188,84.93287343626838,54.0,24.08604277858908
A14,A14_F2,Stimulation,1,A14_F2_C031,29.610756598509795,201.10169124559567,22.208067448882343,150.82626843419675,133.88906722102982,125.48517724170188,96.60693857957698,107.0,43.033383212958455
A14,A14_F2,Stimulation,1,A14_F2_C032,139.33501466223905,77.3516108303924,104.50126099667928,58.0137081227943,133.88906722102982,125.48517724170188,36.33050287898516,116.0,44.22767566645864
A14,A14_F2,Stimulation,1,A14_F2_C033,108.7636033013037,233.80088987865088,81.57270247597778,175.35066740898816,133.88906722102982,125.48517724170188,83.39373585253725,74.0,40.2664331092936
A14,A14_F2,Stimulation,1,A14_F2_C034,62.70258649447402,25.264915047261283,47.02693987085552,18.94868628544596,133.88906722102982,125.48517724170188,92.19698474360229,83.0,34.98682471254108
A14,A14_F2,Stimulation,1,A14_F2_C035,82.62399036358929,108.89415812218132,61.96799277269197,81.67061859163599,133.88906722102982,125.48517724170188,40.41219663171955,95.0,48.95765178098607
A14,A14_F2,Stimulation,1,A14_F2_C036,128.64428499693742,200.6187584425893,96.48321374770306,150.46406883194197,133.88906722102982,125.48517724170188,56.48731322265894,120.0,44.44712473899024
A14,A14_F2,Stimulation,1,A14_F2_C037,223.4976366879131,136.35004982172876,167.6232275159348,102.26253736629656,133.88906722102982,125.48517724170188,67.69862932638166,60.0,42.76903612774719
A14,A14_F2,Stimulation,1,A14_F2_C038,159.60950125169003,234.9227579505317,119.70712593876752,176.1920684628988,133.88906722102982,125.48517724170188,84.31456101378066,64.0,29.20818642158001
A14,A14_F2,Stimulation,1,A14_F2_C039,224.9935234640156,191.9226220087343,168.74514259801168,143.94196650655073,133.88906722102982,125.48517724170188,84.56713462189498,53.0,29.666336406488448
A14,A14_F2,Stimulation,1,A14_F2_C040,243.2236668872337,52.442834855683856,182.41775016542525,39.33212614176289,133.88906722102982,125.48517724170188,98.61641159964456,84.0,31.5618284294991
